#-----------------------------------------------------------
# Vivado v2025.1 (64-bit)
# SW Build 6140274 on Wed May 21 22:58:25 MDT 2025
# IP Build 6138677 on Thu May 22 03:10:11 MDT 2025
# SharedData Build 6139179 on Tue May 20 17:58:58 MDT 2025
# Start of session at: Sun Jun 21 15:19:03 2026
# Process ID         : 86117
# Current directory  : /home/abid/Github/picorv32_learn
# Command line       : vivado -mode batch -source viv/tcl/build.tcl -log viv/out/log/vivado.log -journal viv/out/log/vivado.jou
# Log file           : /home/abid/Github/picorv32_learn/viv/out/log/vivado.log
# Journal file       : /home/abid/Github/picorv32_learn/viv/out/log/vivado.jou
# Running On         : abid
# Platform           : Ubuntu
# Operating System   : Ubuntu 24.04.4 LTS
# Processor Detail   : 11th Gen Intel(R) Core(TM) i5-1135G7 @ 2.40GHz
# CPU Frequency      : 399.106 MHz
# CPU Physical cores : 4
# CPU Logical cores  : 8
# Host memory        : 7994 MB
# Swap memory        : 34359 MB
# Total Virtual      : 42354 MB
# Available Virtual  : 34013 MB
#-----------------------------------------------------------
source viv/tcl/build.tcl
# source viv/tcl/set_variables.tcl
## set board_name "nexysa7"
## set fpga_part "xc7a100tcsg324-1"
## set project_name "picorv32"
## set top_level "picorv32_soc"
## set top_level_tb "tb_${top_level}.v"
## set dir_rtl "rtl"
## set dir_tb "tb"
## set dir_xdc "viv/xdc"
## set dir_out "viv/out"
## set dir_log "viv/out/log"
## set dir_report "viv/res/report"
## set dir_bitstream "viv/res"
## set dir_origin [file normalize "."]
## puts "INFO: dir_origin is  $dir_origin"
INFO: dir_origin is  /home/abid/Github/picorv32_learn
## set filename_xdc "${board_name}_${project_name}.xdc"
## set filename_bitstream "${board_name}_${project_name}.bit"
# set path_report $dir_origin/$dir_report
# set path_bitstream $dir_origin/$dir_bitstream
# set_param general.maxThreads 6
# set_part $fpga_part
INFO: [Coretcl 2-1500] The part has been set to 'xc7a100tcsg324-1' for the current project only. Run set_part -help for more details. To evaluate different speed grades in the current design, use the set_speed_grade command, or use the open_checkpoint -part command to change the part used by an existing checkpoint design.
# proc get_verilog_files {dir} {
#     set files {}
#     foreach f [glob -nocomplain -directory $dir *] {
#         if {[file isdirectory $f]} {
#             set files [concat $files [get_verilog_files $f]]
#         } elseif {[string match *.v $f]} {
#             lappend files $f
#         }
#     }
#     return $files
# }
# set all_verilog_files [get_verilog_files [file join $dir_origin $dir_rtl]]
# read_verilog $all_verilog_files
# read_xdc "$dir_origin/$dir_xdc/$filename_xdc"
# synth_design -top $top_level
Command: synth_design -top picorv32_soc
Starting synth_design
Using part: xc7a100tcsg324-1
Attempting to get a license for feature 'Synthesis' and/or device 'xc7a100t'
INFO: [Common 17-349] Got license for feature 'Synthesis' and/or device 'xc7a100t'
INFO: [Device 21-403] Loading part xc7a100tcsg324-1
INFO: [Synth 8-7079] Multithreading enabled for synth_design using a maximum of 6 processes.
INFO: [Synth 8-7078] Launching helper process for spawning children vivado processes
INFO: [Synth 8-7075] Helper process launched with PID 86294
---------------------------------------------------------------------------------
Starting RTL Elaboration : Time (s): cpu = 00:00:08 ; elapsed = 00:00:08 . Memory (MB): peak = 2109.746 ; gain = 439.742 ; free physical = 253 ; free virtual = 31284
---------------------------------------------------------------------------------
INFO: [Synth 8-6157] synthesizing module 'picorv32_soc' [/home/abid/Github/picorv32_learn/rtl/picorv32_soc.v:3]
INFO: [Synth 8-6157] synthesizing module 'picorv32_axi' [/home/abid/Github/picorv32_learn/rtl/picorv32/picorv32_axi.v:5]
	Parameter ENABLE_BITREV bound to: 1'b0 
	Parameter ENABLE_GCD bound to: 1'b0 
	Parameter ENABLE_FFT bound to: 1'b0 
	Parameter ENABLE_MUL bound to: 1'b0 
	Parameter ENABLE_FAST_MUL bound to: 1'b1 
	Parameter ENABLE_DIV bound to: 1'b1 
	Parameter STACKADDR bound to: 4096 - type: integer 
INFO: [Synth 8-6157] synthesizing module 'picorv32_axi_adapter' [/home/abid/Github/picorv32_learn/rtl/picorv32/picorv32_axi_adapter.v:5]
INFO: [Synth 8-6155] done synthesizing module 'picorv32_axi_adapter' (0#1) [/home/abid/Github/picorv32_learn/rtl/picorv32/picorv32_axi_adapter.v:5]
INFO: [Synth 8-6157] synthesizing module 'picorv32' [/home/abid/Github/picorv32_learn/rtl/picorv32/picorv32.v:62]
	Parameter ENABLE_COUNTERS bound to: 1'b1 
	Parameter ENABLE_COUNTERS64 bound to: 1'b1 
	Parameter ENABLE_REGS_16_31 bound to: 1'b1 
	Parameter ENABLE_REGS_DUALPORT bound to: 1'b1 
	Parameter TWO_STAGE_SHIFT bound to: 1'b1 
	Parameter BARREL_SHIFTER bound to: 1'b0 
	Parameter TWO_CYCLE_COMPARE bound to: 1'b0 
	Parameter TWO_CYCLE_ALU bound to: 1'b0 
	Parameter COMPRESSED_ISA bound to: 1'b0 
	Parameter CATCH_MISALIGN bound to: 1'b1 
	Parameter CATCH_ILLINSN bound to: 1'b1 
	Parameter ENABLE_PCPI bound to: 1'b0 
	Parameter ENABLE_BITREV bound to: 1'b0 
	Parameter ENABLE_GCD bound to: 1'b0 
	Parameter ENABLE_FFT bound to: 1'b0 
	Parameter ENABLE_MUL bound to: 1'b0 
	Parameter ENABLE_FAST_MUL bound to: 1'b1 
	Parameter ENABLE_DIV bound to: 1'b1 
	Parameter ENABLE_IRQ bound to: 1'b0 
	Parameter ENABLE_IRQ_QREGS bound to: 1'b1 
	Parameter ENABLE_IRQ_TIMER bound to: 1'b1 
	Parameter ENABLE_TRACE bound to: 1'b0 
	Parameter REGS_INIT_ZERO bound to: 1'b0 
	Parameter MASKED_IRQ bound to: 0 - type: integer 
	Parameter LATCHED_IRQ bound to: -1 - type: integer 
	Parameter PROGADDR_RESET bound to: 0 - type: integer 
	Parameter PROGADDR_IRQ bound to: 16 - type: integer 
	Parameter STACKADDR bound to: 4096 - type: integer 
INFO: [Synth 8-6157] synthesizing module 'picorv32_pcpi_fast_mul' [/home/abid/Github/picorv32_learn/rtl/picorv32/picorv32_pcpi_fastmul.v:4]
INFO: [Synth 8-155] case statement is not full and has no default [/home/abid/Github/picorv32_learn/rtl/picorv32/picorv32_pcpi_fastmul.v:41]
INFO: [Synth 8-6155] done synthesizing module 'picorv32_pcpi_fast_mul' (0#1) [/home/abid/Github/picorv32_learn/rtl/picorv32/picorv32_pcpi_fastmul.v:4]
INFO: [Synth 8-6157] synthesizing module 'picorv32_pcpi_div' [/home/abid/Github/picorv32_learn/rtl/picorv32/picorv32_pcpi_div.v:5]
INFO: [Synth 8-155] case statement is not full and has no default [/home/abid/Github/picorv32_learn/rtl/picorv32/picorv32_pcpi_div.v:30]
INFO: [Synth 8-6155] done synthesizing module 'picorv32_pcpi_div' (0#1) [/home/abid/Github/picorv32_learn/rtl/picorv32/picorv32_pcpi_div.v:5]
WARNING: [Synth 8-151] case item 1'b0 is unreachable [/home/abid/Github/picorv32_learn/rtl/picorv32/picorv32.v:411]
WARNING: [Synth 8-151] case item 1'b0 is unreachable [/home/abid/Github/picorv32_learn/rtl/picorv32/picorv32.v:411]
WARNING: [Synth 8-151] case item 1'b0 is unreachable [/home/abid/Github/picorv32_learn/rtl/picorv32/picorv32.v:411]
INFO: [Synth 8-155] case statement is not full and has no default [/home/abid/Github/picorv32_learn/rtl/picorv32/picorv32.v:411]
WARNING: [Synth 8-151] case item 1'b0 is unreachable [/home/abid/Github/picorv32_learn/rtl/picorv32/picorv32.v:1360]
WARNING: [Synth 8-151] case item 1'b0 is unreachable [/home/abid/Github/picorv32_learn/rtl/picorv32/picorv32.v:1406]
INFO: [Synth 8-155] case statement is not full and has no default [/home/abid/Github/picorv32_learn/rtl/picorv32/picorv32.v:1406]
WARNING: [Synth 8-151] case item 1'b0 is unreachable [/home/abid/Github/picorv32_learn/rtl/picorv32/picorv32.v:1589]
INFO: [Synth 8-155] case statement is not full and has no default [/home/abid/Github/picorv32_learn/rtl/picorv32/picorv32.v:1589]
WARNING: [Synth 8-151] case item 1'b0 is unreachable [/home/abid/Github/picorv32_learn/rtl/picorv32/picorv32.v:1675]
WARNING: [Synth 8-151] case item 1'b0 is unreachable [/home/abid/Github/picorv32_learn/rtl/picorv32/picorv32.v:1675]
WARNING: [Synth 8-151] case item 1'b0 is unreachable [/home/abid/Github/picorv32_learn/rtl/picorv32/picorv32.v:1675]
WARNING: [Synth 8-151] case item 1'b0 is unreachable [/home/abid/Github/picorv32_learn/rtl/picorv32/picorv32.v:1675]
WARNING: [Synth 8-151] case item 1'b0 is unreachable [/home/abid/Github/picorv32_learn/rtl/picorv32/picorv32.v:1675]
INFO: [Synth 8-6155] done synthesizing module 'picorv32' (0#1) [/home/abid/Github/picorv32_learn/rtl/picorv32/picorv32.v:62]
WARNING: [Synth 8-7071] port 'mem_la_read' of module 'picorv32' is unconnected for instance 'picorv32_core' [/home/abid/Github/picorv32_learn/rtl/picorv32/picorv32_axi.v:168]
WARNING: [Synth 8-7071] port 'mem_la_write' of module 'picorv32' is unconnected for instance 'picorv32_core' [/home/abid/Github/picorv32_learn/rtl/picorv32/picorv32_axi.v:168]
WARNING: [Synth 8-7071] port 'mem_la_addr' of module 'picorv32' is unconnected for instance 'picorv32_core' [/home/abid/Github/picorv32_learn/rtl/picorv32/picorv32_axi.v:168]
WARNING: [Synth 8-7071] port 'mem_la_wdata' of module 'picorv32' is unconnected for instance 'picorv32_core' [/home/abid/Github/picorv32_learn/rtl/picorv32/picorv32_axi.v:168]
WARNING: [Synth 8-7071] port 'mem_la_wstrb' of module 'picorv32' is unconnected for instance 'picorv32_core' [/home/abid/Github/picorv32_learn/rtl/picorv32/picorv32_axi.v:168]
WARNING: [Synth 8-7071] port 'pcpi_valid' of module 'picorv32' is unconnected for instance 'picorv32_core' [/home/abid/Github/picorv32_learn/rtl/picorv32/picorv32_axi.v:168]
WARNING: [Synth 8-7071] port 'pcpi_insn' of module 'picorv32' is unconnected for instance 'picorv32_core' [/home/abid/Github/picorv32_learn/rtl/picorv32/picorv32_axi.v:168]
WARNING: [Synth 8-7071] port 'pcpi_rs1' of module 'picorv32' is unconnected for instance 'picorv32_core' [/home/abid/Github/picorv32_learn/rtl/picorv32/picorv32_axi.v:168]
WARNING: [Synth 8-7071] port 'pcpi_rs2' of module 'picorv32' is unconnected for instance 'picorv32_core' [/home/abid/Github/picorv32_learn/rtl/picorv32/picorv32_axi.v:168]
WARNING: [Synth 8-7071] port 'pcpi_wr' of module 'picorv32' is unconnected for instance 'picorv32_core' [/home/abid/Github/picorv32_learn/rtl/picorv32/picorv32_axi.v:168]
WARNING: [Synth 8-7071] port 'pcpi_rd' of module 'picorv32' is unconnected for instance 'picorv32_core' [/home/abid/Github/picorv32_learn/rtl/picorv32/picorv32_axi.v:168]
WARNING: [Synth 8-7071] port 'pcpi_wait' of module 'picorv32' is unconnected for instance 'picorv32_core' [/home/abid/Github/picorv32_learn/rtl/picorv32/picorv32_axi.v:168]
WARNING: [Synth 8-7071] port 'pcpi_ready' of module 'picorv32' is unconnected for instance 'picorv32_core' [/home/abid/Github/picorv32_learn/rtl/picorv32/picorv32_axi.v:168]
WARNING: [Synth 8-7023] instance 'picorv32_core' of module 'picorv32' has 27 connections declared, but only 14 given [/home/abid/Github/picorv32_learn/rtl/picorv32/picorv32_axi.v:168]
INFO: [Synth 8-6155] done synthesizing module 'picorv32_axi' (0#1) [/home/abid/Github/picorv32_learn/rtl/picorv32/picorv32_axi.v:5]
WARNING: [Synth 8-7071] port 'mem_axi_awprot' of module 'picorv32_axi' is unconnected for instance 'cpu' [/home/abid/Github/picorv32_learn/rtl/picorv32_soc.v:108]
WARNING: [Synth 8-7071] port 'mem_axi_arprot' of module 'picorv32_axi' is unconnected for instance 'cpu' [/home/abid/Github/picorv32_learn/rtl/picorv32_soc.v:108]
WARNING: [Synth 8-7071] port 'irq' of module 'picorv32_axi' is unconnected for instance 'cpu' [/home/abid/Github/picorv32_learn/rtl/picorv32_soc.v:108]
WARNING: [Synth 8-7071] port 'eoi' of module 'picorv32_axi' is unconnected for instance 'cpu' [/home/abid/Github/picorv32_learn/rtl/picorv32_soc.v:108]
WARNING: [Synth 8-7071] port 'trace_valid' of module 'picorv32_axi' is unconnected for instance 'cpu' [/home/abid/Github/picorv32_learn/rtl/picorv32_soc.v:108]
WARNING: [Synth 8-7071] port 'trace_data' of module 'picorv32_axi' is unconnected for instance 'cpu' [/home/abid/Github/picorv32_learn/rtl/picorv32_soc.v:108]
WARNING: [Synth 8-7023] instance 'cpu' of module 'picorv32_axi' has 24 connections declared, but only 18 given [/home/abid/Github/picorv32_learn/rtl/picorv32_soc.v:108]
INFO: [Synth 8-6157] synthesizing module 'seven_seg' [/home/abid/Github/picorv32_learn/rtl/7segment.v:3]
INFO: [Synth 8-226] default block is never used [/home/abid/Github/picorv32_learn/rtl/7segment.v:33]
INFO: [Synth 8-6155] done synthesizing module 'seven_seg' (0#1) [/home/abid/Github/picorv32_learn/rtl/7segment.v:3]
INFO: [Synth 8-6157] synthesizing module 'axi_rom' [/home/abid/Github/picorv32_learn/rtl/axi_rom.v:1]
INFO: [Synth 8-6155] done synthesizing module 'axi_rom' (0#1) [/home/abid/Github/picorv32_learn/rtl/axi_rom.v:1]
INFO: [Synth 8-6157] synthesizing module 'axi_ram' [/home/abid/Github/picorv32_learn/rtl/axi_ram.v:1]
INFO: [Synth 8-155] case statement is not full and has no default [/home/abid/Github/picorv32_learn/rtl/axi_ram.v:43]
INFO: [Synth 8-6155] done synthesizing module 'axi_ram' (0#1) [/home/abid/Github/picorv32_learn/rtl/axi_ram.v:1]
INFO: [Synth 8-6157] synthesizing module 'axi4_lite_gpio_wrapper' [/home/abid/Github/picorv32_learn/rtl/gpio/axi4_lite_gpio_wrapper.v:1]
	Parameter ADDR_WIDTH bound to: 32 - type: integer 
	Parameter DATA_WIDTH bound to: 32 - type: integer 
INFO: [Synth 8-6157] synthesizing module 'axi4_lite_slave' [/home/abid/Github/picorv32_learn/rtl/axi4_lite_slave.v:1]
	Parameter ADDR_WIDTH bound to: 32 - type: integer 
	Parameter DATA_WIDTH bound to: 32 - type: integer 
INFO: [Synth 8-155] case statement is not full and has no default [/home/abid/Github/picorv32_learn/rtl/axi4_lite_slave.v:71]
INFO: [Synth 8-6155] done synthesizing module 'axi4_lite_slave' (0#1) [/home/abid/Github/picorv32_learn/rtl/axi4_lite_slave.v:1]
INFO: [Synth 8-6157] synthesizing module 'gpio' [/home/abid/Github/picorv32_learn/rtl/gpio/gpio.v:1]
	Parameter ADDR_WIDTH bound to: 32 - type: integer 
	Parameter DATA_WIDTH bound to: 32 - type: integer 
INFO: [Synth 8-6155] done synthesizing module 'gpio' (0#1) [/home/abid/Github/picorv32_learn/rtl/gpio/gpio.v:1]
INFO: [Synth 8-6155] done synthesizing module 'axi4_lite_gpio_wrapper' (0#1) [/home/abid/Github/picorv32_learn/rtl/gpio/axi4_lite_gpio_wrapper.v:1]
INFO: [Synth 8-6157] synthesizing module 'axi4_lite_interconnect_m1s3' [/home/abid/Github/picorv32_learn/rtl/axi4_lite_interconnect_m1s3.v:1]
	Parameter LOW_ADDR0 bound to: 0 - type: integer 
	Parameter HIGH_ADDR0 bound to: 65535 - type: integer 
	Parameter LOW_ADDR1 bound to: 268435456 - type: integer 
	Parameter HIGH_ADDR1 bound to: 268500991 - type: integer 
	Parameter LOW_ADDR2 bound to: 131072 - type: integer 
	Parameter HIGH_ADDR2 bound to: 196607 - type: integer 
INFO: [Synth 8-6155] done synthesizing module 'axi4_lite_interconnect_m1s3' (0#1) [/home/abid/Github/picorv32_learn/rtl/axi4_lite_interconnect_m1s3.v:1]
INFO: [Synth 8-6155] done synthesizing module 'picorv32_soc' (0#1) [/home/abid/Github/picorv32_learn/rtl/picorv32_soc.v:3]
WARNING: [Synth 8-6014] Unused sequential element pcpi_insn_valid_q_reg was removed.  [/home/abid/Github/picorv32_learn/rtl/picorv32/picorv32_pcpi_fastmul.v:51]
WARNING: [Synth 8-6014] Unused sequential element rs1_q_reg was removed.  [/home/abid/Github/picorv32_learn/rtl/picorv32/picorv32_pcpi_fastmul.v:53]
WARNING: [Synth 8-6014] Unused sequential element rs2_q_reg was removed.  [/home/abid/Github/picorv32_learn/rtl/picorv32/picorv32_pcpi_fastmul.v:54]
WARNING: [Synth 8-6014] Unused sequential element rd_q_reg was removed.  [/home/abid/Github/picorv32_learn/rtl/picorv32/picorv32_pcpi_fastmul.v:60]
WARNING: [Synth 8-6014] Unused sequential element pcpi_wr_reg was removed.  [/home/abid/Github/picorv32_learn/rtl/picorv32/picorv32_pcpi_div.v:51]
WARNING: [Synth 8-6014] Unused sequential element mem_la_firstword_reg_reg was removed.  [/home/abid/Github/picorv32_learn/rtl/picorv32/picorv32.v:484]
WARNING: [Synth 8-6014] Unused sequential element last_mem_valid_reg was removed.  [/home/abid/Github/picorv32_learn/rtl/picorv32/picorv32.v:485]
WARNING: [Synth 8-6014] Unused sequential element next_insn_opcode_reg was removed.  [/home/abid/Github/picorv32_learn/rtl/picorv32/picorv32.v:525]
WARNING: [Synth 8-6014] Unused sequential element mem_la_secondword_reg was removed.  [/home/abid/Github/picorv32_learn/rtl/picorv32/picorv32.v:663]
WARNING: [Synth 8-6014] Unused sequential element prefetched_high_word_reg was removed.  [/home/abid/Github/picorv32_learn/rtl/picorv32/picorv32.v:664]
WARNING: [Synth 8-6014] Unused sequential element q_ascii_instr_reg was removed.  [/home/abid/Github/picorv32_learn/rtl/picorv32/picorv32.v:871]
WARNING: [Synth 8-6014] Unused sequential element q_insn_imm_reg was removed.  [/home/abid/Github/picorv32_learn/rtl/picorv32/picorv32.v:872]
WARNING: [Synth 8-6014] Unused sequential element q_insn_opcode_reg was removed.  [/home/abid/Github/picorv32_learn/rtl/picorv32/picorv32.v:873]
WARNING: [Synth 8-6014] Unused sequential element q_insn_rs1_reg was removed.  [/home/abid/Github/picorv32_learn/rtl/picorv32/picorv32.v:874]
WARNING: [Synth 8-6014] Unused sequential element q_insn_rs2_reg was removed.  [/home/abid/Github/picorv32_learn/rtl/picorv32/picorv32.v:875]
WARNING: [Synth 8-6014] Unused sequential element q_insn_rd_reg was removed.  [/home/abid/Github/picorv32_learn/rtl/picorv32/picorv32.v:876]
WARNING: [Synth 8-6014] Unused sequential element dbg_next_reg was removed.  [/home/abid/Github/picorv32_learn/rtl/picorv32/picorv32.v:877]
WARNING: [Synth 8-6014] Unused sequential element dbg_valid_insn_reg was removed.  [/home/abid/Github/picorv32_learn/rtl/picorv32/picorv32.v:880]
WARNING: [Synth 8-6014] Unused sequential element cached_ascii_instr_reg was removed.  [/home/abid/Github/picorv32_learn/rtl/picorv32/picorv32.v:885]
WARNING: [Synth 8-6014] Unused sequential element cached_insn_imm_reg was removed.  [/home/abid/Github/picorv32_learn/rtl/picorv32/picorv32.v:886]
WARNING: [Synth 8-6014] Unused sequential element cached_insn_opcode_reg was removed.  [/home/abid/Github/picorv32_learn/rtl/picorv32/picorv32.v:888]
WARNING: [Synth 8-6014] Unused sequential element cached_insn_rs1_reg was removed.  [/home/abid/Github/picorv32_learn/rtl/picorv32/picorv32.v:891]
WARNING: [Synth 8-6014] Unused sequential element cached_insn_rs2_reg was removed.  [/home/abid/Github/picorv32_learn/rtl/picorv32/picorv32.v:892]
WARNING: [Synth 8-6014] Unused sequential element cached_insn_rd_reg was removed.  [/home/abid/Github/picorv32_learn/rtl/picorv32/picorv32.v:893]
WARNING: [Synth 8-6014] Unused sequential element dbg_insn_addr_reg was removed.  [/home/abid/Github/picorv32_learn/rtl/picorv32/picorv32.v:897]
WARNING: [Synth 8-6014] Unused sequential element clear_prefetched_high_word_q_reg was removed.  [/home/abid/Github/picorv32_learn/rtl/picorv32/picorv32.v:1385]
WARNING: [Synth 8-6014] Unused sequential element set_mem_do_rinst_reg was removed.  [/home/abid/Github/picorv32_learn/rtl/picorv32/picorv32.v:1498]
WARNING: [Synth 8-6014] Unused sequential element set_mem_do_rdata_reg was removed.  [/home/abid/Github/picorv32_learn/rtl/picorv32/picorv32.v:1499]
WARNING: [Synth 8-6014] Unused sequential element set_mem_do_wdata_reg was removed.  [/home/abid/Github/picorv32_learn/rtl/picorv32/picorv32.v:1500]
WARNING: [Synth 8-6014] Unused sequential element alu_out_0_q_reg was removed.  [/home/abid/Github/picorv32_learn/rtl/picorv32/picorv32.v:1502]
WARNING: [Synth 8-6014] Unused sequential element alu_wait_reg was removed.  [/home/abid/Github/picorv32_learn/rtl/picorv32/picorv32.v:1505]
WARNING: [Synth 8-6014] Unused sequential element alu_wait_2_reg was removed.  [/home/abid/Github/picorv32_learn/rtl/picorv32/picorv32.v:1506]
WARNING: [Synth 8-6014] Unused sequential element dbg_rs1val_reg was removed.  [/home/abid/Github/picorv32_learn/rtl/picorv32/picorv32.v:1509]
WARNING: [Synth 8-6014] Unused sequential element dbg_rs2val_reg was removed.  [/home/abid/Github/picorv32_learn/rtl/picorv32/picorv32.v:1510]
WARNING: [Synth 8-6014] Unused sequential element dbg_rs1val_valid_reg was removed.  [/home/abid/Github/picorv32_learn/rtl/picorv32/picorv32.v:1511]
WARNING: [Synth 8-6014] Unused sequential element dbg_rs2val_valid_reg was removed.  [/home/abid/Github/picorv32_learn/rtl/picorv32/picorv32.v:1512]
WARNING: [Synth 8-6014] Unused sequential element next_irq_pending_reg was removed.  [/home/abid/Github/picorv32_learn/rtl/picorv32/picorv32.v:1532]
WARNING: [Synth 8-6014] Unused sequential element decoder_trigger_q_reg was removed.  [/home/abid/Github/picorv32_learn/rtl/picorv32/picorv32.v:1539]
WARNING: [Synth 8-6014] Unused sequential element decoder_pseudo_trigger_q_reg was removed.  [/home/abid/Github/picorv32_learn/rtl/picorv32/picorv32.v:1541]
WARNING: [Synth 8-6014] Unused sequential element latched_trace_reg was removed.  [/home/abid/Github/picorv32_learn/rtl/picorv32/picorv32.v:1557]
WARNING: [Synth 8-6014] Unused sequential element irq_active_reg was removed.  [/home/abid/Github/picorv32_learn/rtl/picorv32/picorv32.v:1563]
WARNING: [Synth 8-6014] Unused sequential element irq_delay_reg was removed.  [/home/abid/Github/picorv32_learn/rtl/picorv32/picorv32.v:1564]
WARNING: [Synth 8-6014] Unused sequential element irq_mask_reg was removed.  [/home/abid/Github/picorv32_learn/rtl/picorv32/picorv32.v:1565]
WARNING: [Synth 8-6014] Unused sequential element irq_state_reg was removed.  [/home/abid/Github/picorv32_learn/rtl/picorv32/picorv32.v:1567]
WARNING: [Synth 8-6014] Unused sequential element timer_reg was removed.  [/home/abid/Github/picorv32_learn/rtl/picorv32/picorv32.v:1569]
WARNING: [Synth 8-6014] Unused sequential element current_pc_reg was removed.  [/home/abid/Github/picorv32_learn/rtl/picorv32/picorv32.v:1587]
WARNING: [Synth 8-6014] Unused sequential element irq_pending_reg was removed.  [/home/abid/Github/picorv32_learn/rtl/picorv32/picorv32.v:2055]
WARNING: [Synth 8-6014] Unused sequential element trace_valid_reg was removed.  [/home/abid/Github/picorv32_learn/rtl/picorv32/picorv32.v:1544]
WARNING: [Synth 8-6014] Unused sequential element wr_addr_reg was removed.  [/home/abid/Github/picorv32_learn/rtl/axi_ram.v:46]
WARNING: [Synth 8-6014] Unused sequential element wr_strb_reg was removed.  [/home/abid/Github/picorv32_learn/rtl/axi_ram.v:47]
WARNING: [Synth 8-6014] Unused sequential element read_req_reg_reg was removed.  [/home/abid/Github/picorv32_learn/rtl/gpio/axi4_lite_gpio_wrapper.v:91]
WARNING: [Synth 8-6014] Unused sequential element write_done_reg_reg was removed.  [/home/abid/Github/picorv32_learn/rtl/gpio/axi4_lite_gpio_wrapper.v:92]
WARNING: [Synth 8-6014] Unused sequential element read_done_reg_reg was removed.  [/home/abid/Github/picorv32_learn/rtl/gpio/axi4_lite_gpio_wrapper.v:93]
WARNING: [Synth 8-6014] Unused sequential element read_addr_reg_reg was removed.  [/home/abid/Github/picorv32_learn/rtl/gpio/axi4_lite_gpio_wrapper.v:96]
WARNING: [Synth 8-6014] Unused sequential element write_strb_reg_reg was removed.  [/home/abid/Github/picorv32_learn/rtl/gpio/axi4_lite_gpio_wrapper.v:97]
WARNING: [Synth 8-3848] Net s0_AWREADY in module/entity picorv32_soc does not have driver. [/home/abid/Github/picorv32_learn/rtl/picorv32_soc.v:45]
WARNING: [Synth 8-3848] Net s0_WREADY in module/entity picorv32_soc does not have driver. [/home/abid/Github/picorv32_learn/rtl/picorv32_soc.v:48]
WARNING: [Synth 8-3848] Net s0_BVALID in module/entity picorv32_soc does not have driver. [/home/abid/Github/picorv32_learn/rtl/picorv32_soc.v:52]
WARNING: [Synth 8-3848] Net s0_BRESP in module/entity picorv32_soc does not have driver. [/home/abid/Github/picorv32_learn/rtl/picorv32_soc.v:53]
WARNING: [Synth 8-3848] Net s0_RRESP in module/entity picorv32_soc does not have driver. [/home/abid/Github/picorv32_learn/rtl/picorv32_soc.v:59]
WARNING: [Synth 8-3848] Net s1_BRESP in module/entity picorv32_soc does not have driver. [/home/abid/Github/picorv32_learn/rtl/picorv32_soc.v:72]
WARNING: [Synth 8-3848] Net s1_RRESP in module/entity picorv32_soc does not have driver. [/home/abid/Github/picorv32_learn/rtl/picorv32_soc.v:78]
WARNING: [Synth 8-7129] Port w_ADDR[31] in module gpio is either unconnected or has no load
WARNING: [Synth 8-7129] Port w_ADDR[30] in module gpio is either unconnected or has no load
WARNING: [Synth 8-7129] Port w_ADDR[29] in module gpio is either unconnected or has no load
WARNING: [Synth 8-7129] Port w_ADDR[28] in module gpio is either unconnected or has no load
WARNING: [Synth 8-7129] Port w_ADDR[27] in module gpio is either unconnected or has no load
WARNING: [Synth 8-7129] Port w_ADDR[26] in module gpio is either unconnected or has no load
WARNING: [Synth 8-7129] Port w_ADDR[25] in module gpio is either unconnected or has no load
WARNING: [Synth 8-7129] Port w_ADDR[24] in module gpio is either unconnected or has no load
WARNING: [Synth 8-7129] Port w_ADDR[23] in module gpio is either unconnected or has no load
WARNING: [Synth 8-7129] Port w_ADDR[22] in module gpio is either unconnected or has no load
WARNING: [Synth 8-7129] Port w_ADDR[21] in module gpio is either unconnected or has no load
WARNING: [Synth 8-7129] Port w_ADDR[20] in module gpio is either unconnected or has no load
WARNING: [Synth 8-7129] Port w_ADDR[19] in module gpio is either unconnected or has no load
WARNING: [Synth 8-7129] Port w_ADDR[18] in module gpio is either unconnected or has no load
WARNING: [Synth 8-7129] Port w_ADDR[17] in module gpio is either unconnected or has no load
WARNING: [Synth 8-7129] Port w_ADDR[16] in module gpio is either unconnected or has no load
WARNING: [Synth 8-7129] Port w_ADDR[15] in module gpio is either unconnected or has no load
WARNING: [Synth 8-7129] Port w_ADDR[14] in module gpio is either unconnected or has no load
WARNING: [Synth 8-7129] Port w_ADDR[13] in module gpio is either unconnected or has no load
WARNING: [Synth 8-7129] Port w_ADDR[12] in module gpio is either unconnected or has no load
WARNING: [Synth 8-7129] Port w_ADDR[11] in module gpio is either unconnected or has no load
WARNING: [Synth 8-7129] Port w_ADDR[10] in module gpio is either unconnected or has no load
WARNING: [Synth 8-7129] Port w_ADDR[9] in module gpio is either unconnected or has no load
WARNING: [Synth 8-7129] Port w_ADDR[8] in module gpio is either unconnected or has no load
WARNING: [Synth 8-7129] Port w_ADDR[7] in module gpio is either unconnected or has no load
WARNING: [Synth 8-7129] Port w_ADDR[6] in module gpio is either unconnected or has no load
WARNING: [Synth 8-7129] Port w_ADDR[5] in module gpio is either unconnected or has no load
WARNING: [Synth 8-7129] Port w_ADDR[4] in module gpio is either unconnected or has no load
WARNING: [Synth 8-7129] Port w_ADDR[3] in module gpio is either unconnected or has no load
WARNING: [Synth 8-7129] Port w_ADDR[1] in module gpio is either unconnected or has no load
WARNING: [Synth 8-7129] Port w_ADDR[0] in module gpio is either unconnected or has no load
WARNING: [Synth 8-7129] Port r_ADDR[31] in module gpio is either unconnected or has no load
WARNING: [Synth 8-7129] Port r_ADDR[30] in module gpio is either unconnected or has no load
WARNING: [Synth 8-7129] Port r_ADDR[29] in module gpio is either unconnected or has no load
WARNING: [Synth 8-7129] Port r_ADDR[28] in module gpio is either unconnected or has no load
WARNING: [Synth 8-7129] Port r_ADDR[27] in module gpio is either unconnected or has no load
WARNING: [Synth 8-7129] Port r_ADDR[26] in module gpio is either unconnected or has no load
WARNING: [Synth 8-7129] Port r_ADDR[25] in module gpio is either unconnected or has no load
WARNING: [Synth 8-7129] Port r_ADDR[24] in module gpio is either unconnected or has no load
WARNING: [Synth 8-7129] Port r_ADDR[23] in module gpio is either unconnected or has no load
WARNING: [Synth 8-7129] Port r_ADDR[22] in module gpio is either unconnected or has no load
WARNING: [Synth 8-7129] Port r_ADDR[21] in module gpio is either unconnected or has no load
WARNING: [Synth 8-7129] Port r_ADDR[20] in module gpio is either unconnected or has no load
WARNING: [Synth 8-7129] Port r_ADDR[19] in module gpio is either unconnected or has no load
WARNING: [Synth 8-7129] Port r_ADDR[18] in module gpio is either unconnected or has no load
WARNING: [Synth 8-7129] Port r_ADDR[17] in module gpio is either unconnected or has no load
WARNING: [Synth 8-7129] Port r_ADDR[16] in module gpio is either unconnected or has no load
WARNING: [Synth 8-7129] Port r_ADDR[15] in module gpio is either unconnected or has no load
WARNING: [Synth 8-7129] Port r_ADDR[14] in module gpio is either unconnected or has no load
WARNING: [Synth 8-7129] Port r_ADDR[13] in module gpio is either unconnected or has no load
WARNING: [Synth 8-7129] Port r_ADDR[12] in module gpio is either unconnected or has no load
WARNING: [Synth 8-7129] Port r_ADDR[11] in module gpio is either unconnected or has no load
WARNING: [Synth 8-7129] Port r_ADDR[10] in module gpio is either unconnected or has no load
WARNING: [Synth 8-7129] Port r_ADDR[9] in module gpio is either unconnected or has no load
WARNING: [Synth 8-7129] Port r_ADDR[8] in module gpio is either unconnected or has no load
WARNING: [Synth 8-7129] Port r_ADDR[7] in module gpio is either unconnected or has no load
WARNING: [Synth 8-7129] Port r_ADDR[6] in module gpio is either unconnected or has no load
WARNING: [Synth 8-7129] Port r_ADDR[5] in module gpio is either unconnected or has no load
WARNING: [Synth 8-7129] Port r_ADDR[4] in module gpio is either unconnected or has no load
WARNING: [Synth 8-7129] Port r_ADDR[3] in module gpio is either unconnected or has no load
WARNING: [Synth 8-7129] Port r_ADDR[2] in module gpio is either unconnected or has no load
WARNING: [Synth 8-7129] Port r_ADDR[1] in module gpio is either unconnected or has no load
WARNING: [Synth 8-7129] Port r_ADDR[0] in module gpio is either unconnected or has no load
WARNING: [Synth 8-7129] Port s_AWPROT[2] in module axi4_lite_slave is either unconnected or has no load
WARNING: [Synth 8-7129] Port s_AWPROT[1] in module axi4_lite_slave is either unconnected or has no load
WARNING: [Synth 8-7129] Port s_AWPROT[0] in module axi4_lite_slave is either unconnected or has no load
WARNING: [Synth 8-7129] Port s_ARPROT[2] in module axi4_lite_slave is either unconnected or has no load
WARNING: [Synth 8-7129] Port s_ARPROT[1] in module axi4_lite_slave is either unconnected or has no load
WARNING: [Synth 8-7129] Port s_ARPROT[0] in module axi4_lite_slave is either unconnected or has no load
WARNING: [Synth 8-7129] Port axi_awaddr[31] in module axi_ram is either unconnected or has no load
WARNING: [Synth 8-7129] Port axi_awaddr[30] in module axi_ram is either unconnected or has no load
WARNING: [Synth 8-7129] Port axi_awaddr[29] in module axi_ram is either unconnected or has no load
WARNING: [Synth 8-7129] Port axi_awaddr[28] in module axi_ram is either unconnected or has no load
WARNING: [Synth 8-7129] Port axi_awaddr[27] in module axi_ram is either unconnected or has no load
WARNING: [Synth 8-7129] Port axi_awaddr[26] in module axi_ram is either unconnected or has no load
WARNING: [Synth 8-7129] Port axi_awaddr[25] in module axi_ram is either unconnected or has no load
WARNING: [Synth 8-7129] Port axi_awaddr[24] in module axi_ram is either unconnected or has no load
WARNING: [Synth 8-7129] Port axi_awaddr[23] in module axi_ram is either unconnected or has no load
WARNING: [Synth 8-7129] Port axi_awaddr[22] in module axi_ram is either unconnected or has no load
WARNING: [Synth 8-7129] Port axi_awaddr[21] in module axi_ram is either unconnected or has no load
WARNING: [Synth 8-7129] Port axi_awaddr[20] in module axi_ram is either unconnected or has no load
WARNING: [Synth 8-7129] Port axi_awaddr[19] in module axi_ram is either unconnected or has no load
WARNING: [Synth 8-7129] Port axi_awaddr[18] in module axi_ram is either unconnected or has no load
WARNING: [Synth 8-7129] Port axi_awaddr[17] in module axi_ram is either unconnected or has no load
WARNING: [Synth 8-7129] Port axi_awaddr[16] in module axi_ram is either unconnected or has no load
WARNING: [Synth 8-7129] Port axi_awaddr[15] in module axi_ram is either unconnected or has no load
WARNING: [Synth 8-7129] Port axi_awaddr[14] in module axi_ram is either unconnected or has no load
WARNING: [Synth 8-7129] Port axi_awaddr[1] in module axi_ram is either unconnected or has no load
WARNING: [Synth 8-7129] Port axi_awaddr[0] in module axi_ram is either unconnected or has no load
WARNING: [Synth 8-7129] Port axi_araddr[31] in module axi_ram is either unconnected or has no load
WARNING: [Synth 8-7129] Port axi_araddr[30] in module axi_ram is either unconnected or has no load
WARNING: [Synth 8-7129] Port axi_araddr[29] in module axi_ram is either unconnected or has no load
WARNING: [Synth 8-7129] Port axi_araddr[28] in module axi_ram is either unconnected or has no load
WARNING: [Synth 8-7129] Port axi_araddr[27] in module axi_ram is either unconnected or has no load
WARNING: [Synth 8-7129] Port axi_araddr[26] in module axi_ram is either unconnected or has no load
WARNING: [Synth 8-7129] Port axi_araddr[25] in module axi_ram is either unconnected or has no load
WARNING: [Synth 8-7129] Port axi_araddr[24] in module axi_ram is either unconnected or has no load
WARNING: [Synth 8-7129] Port axi_araddr[23] in module axi_ram is either unconnected or has no load
WARNING: [Synth 8-7129] Port axi_araddr[22] in module axi_ram is either unconnected or has no load
WARNING: [Synth 8-7129] Port axi_araddr[21] in module axi_ram is either unconnected or has no load
INFO: [Common 17-14] Message 'Synth 8-7129' appears 100 times and further instances of the messages will be disabled. Use the Tcl command set_msg_config to change the current settings.
---------------------------------------------------------------------------------
Finished RTL Elaboration : Time (s): cpu = 00:00:23 ; elapsed = 00:00:25 . Memory (MB): peak = 2630.113 ; gain = 960.109 ; free physical = 201 ; free virtual = 30800
---------------------------------------------------------------------------------
---------------------------------------------------------------------------------
Start Handling Custom Attributes
---------------------------------------------------------------------------------
---------------------------------------------------------------------------------
Finished Handling Custom Attributes : Time (s): cpu = 00:00:25 ; elapsed = 00:00:27 . Memory (MB): peak = 2630.113 ; gain = 960.109 ; free physical = 210 ; free virtual = 30812
---------------------------------------------------------------------------------
---------------------------------------------------------------------------------
Finished RTL Optimization Phase 1 : Time (s): cpu = 00:00:25 ; elapsed = 00:00:27 . Memory (MB): peak = 2630.113 ; gain = 960.109 ; free physical = 206 ; free virtual = 30810
---------------------------------------------------------------------------------
Netlist sorting complete. Time (s): cpu = 00:00:03 ; elapsed = 00:00:03 . Memory (MB): peak = 2630.113 ; gain = 0.000 ; free physical = 226 ; free virtual = 30809
INFO: [Project 1-570] Preparing netlist for logic optimization

Processing XDC Constraints
Initializing timing engine
Parsing XDC File [/home/abid/Github/picorv32_learn/viv/xdc/nexysa7_picorv32.xdc]
Finished Parsing XDC File [/home/abid/Github/picorv32_learn/viv/xdc/nexysa7_picorv32.xdc]
INFO: [Project 1-236] Implementation specific constraints were found while reading constraint file [/home/abid/Github/picorv32_learn/viv/xdc/nexysa7_picorv32.xdc]. These constraints will be ignored for synthesis but will be used in implementation. Impacted constraints are listed in the file [.Xil/picorv32_soc_propImpl.xdc].
Resolution: To avoid this warning, move constraints listed in [.Xil/picorv32_soc_propImpl.xdc] to another XDC file and exclude this new file from synthesis with the used_in_synthesis property (File Properties dialog in GUI) and re-run elaboration/synthesis.
Completed Processing XDC Constraints

Netlist sorting complete. Time (s): cpu = 00:00:00.02 ; elapsed = 00:00:00.03 . Memory (MB): peak = 2792.945 ; gain = 0.000 ; free physical = 135 ; free virtual = 30766
INFO: [Project 1-111] Unisim Transformation Summary:
No Unisim elements were transformed.

Constraint Validation Runtime : Time (s): cpu = 00:00:00.29 ; elapsed = 00:00:00.29 . Memory (MB): peak = 2804.867 ; gain = 0.000 ; free physical = 157 ; free virtual = 30762
---------------------------------------------------------------------------------
Finished Constraint Validation : Time (s): cpu = 00:01:05 ; elapsed = 00:01:06 . Memory (MB): peak = 2804.867 ; gain = 1134.863 ; free physical = 202 ; free virtual = 28690
---------------------------------------------------------------------------------
---------------------------------------------------------------------------------
Start Loading Part and Timing Information
---------------------------------------------------------------------------------
Loading part: xc7a100tcsg324-1
---------------------------------------------------------------------------------
Finished Loading Part and Timing Information : Time (s): cpu = 00:01:05 ; elapsed = 00:01:06 . Memory (MB): peak = 2808.953 ; gain = 1138.949 ; free physical = 152 ; free virtual = 28638
---------------------------------------------------------------------------------
---------------------------------------------------------------------------------
Start Applying 'set_property' XDC Constraints
---------------------------------------------------------------------------------
---------------------------------------------------------------------------------
Finished applying 'set_property' XDC Constraints : Time (s): cpu = 00:01:05 ; elapsed = 00:01:06 . Memory (MB): peak = 2808.953 ; gain = 1138.949 ; free physical = 125 ; free virtual = 28607
---------------------------------------------------------------------------------
INFO: [Synth 8-802] inferred FSM for state register 'mem_state_reg' in module 'picorv32'
WARNING: [Synth 8-3936] Found unconnected internal register 'rd_addr_reg' and it is trimmed from '12' to '10' bits. [/home/abid/Github/picorv32_learn/rtl/axi_ram.v:54]
INFO: [Synth 8-802] inferred FSM for state register 'state_reg' in module 'axi_ram'
INFO: [Synth 8-802] inferred FSM for state register 'state_reg' in module 'axi4_lite_slave'
INFO: [Synth 8-802] inferred FSM for state register 'state_reg' in module 'axi4_lite_interconnect_m1s3'
---------------------------------------------------------------------------------------------------
                   State |                     New Encoding |                Previous Encoding 
---------------------------------------------------------------------------------------------------
                 iSTATE2 |                               00 |                               00
                 iSTATE0 |                               01 |                               10
                  iSTATE |                               10 |                               01
                 iSTATE1 |                               11 |                               11
---------------------------------------------------------------------------------------------------
INFO: [Synth 8-3354] encoded FSM with state register 'mem_state_reg' using encoding 'sequential' in module 'picorv32'
---------------------------------------------------------------------------------------------------
                   State |                     New Encoding |                Previous Encoding 
---------------------------------------------------------------------------------------------------
                  iSTATE |                              010 |                               00
                 iSTATE1 |                              100 |                               01
                 iSTATE0 |                              001 |                               10
---------------------------------------------------------------------------------------------------
INFO: [Synth 8-3354] encoded FSM with state register 'state_reg' using encoding 'one-hot' in module 'axi_ram'
---------------------------------------------------------------------------------------------------
                   State |                     New Encoding |                Previous Encoding 
---------------------------------------------------------------------------------------------------
                    IDLE |                           000001 |                              000
                   WADDR |                           000010 |                              001
                   WDATA |                           000100 |                              010
                   WRESP |                           001000 |                              011
                   RADDR |                           010000 |                              100
                   RDATA |                           100000 |                              101
---------------------------------------------------------------------------------------------------
INFO: [Synth 8-3354] encoded FSM with state register 'state_reg' using encoding 'one-hot' in module 'axi4_lite_slave'
---------------------------------------------------------------------------------------------------
                   State |                     New Encoding |                Previous Encoding 
---------------------------------------------------------------------------------------------------
                    IDLE |                               00 |                              000
                   WRITE |                               01 |                              001
                    READ |                               10 |                              010
---------------------------------------------------------------------------------------------------
INFO: [Synth 8-3354] encoded FSM with state register 'state_reg' using encoding 'sequential' in module 'axi4_lite_interconnect_m1s3'
---------------------------------------------------------------------------------
Finished RTL Optimization Phase 2 : Time (s): cpu = 00:01:59 ; elapsed = 00:02:04 . Memory (MB): peak = 2816.957 ; gain = 1146.953 ; free physical = 148 ; free virtual = 26602
---------------------------------------------------------------------------------
---------------------------------------------------------------------------------
Start RTL Component Statistics 
---------------------------------------------------------------------------------
Detailed RTL Component Info : 
+---Adders : 
	   2 Input   63 Bit       Adders := 1     
	   2 Input   32 Bit       Adders := 11    
	   3 Input   32 Bit       Adders := 1     
	   2 Input    5 Bit       Adders := 1     
	   2 Input    4 Bit       Adders := 1     
+---XORs : 
	   2 Input     32 Bit         XORs := 1     
+---Registers : 
	               64 Bit    Registers := 1     
	               63 Bit    Registers := 1     
	               36 Bit    Registers := 1     
	               33 Bit    Registers := 2     
	               32 Bit    Registers := 1077  
	               16 Bit    Registers := 1     
	               11 Bit    Registers := 1     
	               10 Bit    Registers := 1     
	                8 Bit    Registers := 1     
	                5 Bit    Registers := 5     
	                4 Bit    Registers := 3     
	                3 Bit    Registers := 1     
	                2 Bit    Registers := 2     
	                1 Bit    Registers := 94    
+---Multipliers : 
	              33x33  Multipliers := 1     
+---ROMs : 
	                    ROMs := 1     
+---Muxes : 
	   2 Input   63 Bit        Muxes := 2     
	   2 Input   33 Bit        Muxes := 2     
	   2 Input   32 Bit        Muxes := 2059  
	   3 Input   32 Bit        Muxes := 1027  
	   5 Input   32 Bit        Muxes := 1     
	   6 Input   32 Bit        Muxes := 1     
	   4 Input   32 Bit        Muxes := 6     
	   2 Input   16 Bit        Muxes := 1     
	   2 Input    8 Bit        Muxes := 4098  
	   4 Input    8 Bit        Muxes := 2     
	   6 Input    6 Bit        Muxes := 1     
	   2 Input    6 Bit        Muxes := 2     
	   5 Input    4 Bit        Muxes := 1     
	   2 Input    4 Bit        Muxes := 5     
	   4 Input    4 Bit        Muxes := 1     
	   3 Input    4 Bit        Muxes := 1     
	   3 Input    3 Bit        Muxes := 1     
	   2 Input    3 Bit        Muxes := 5     
	   4 Input    2 Bit        Muxes := 5     
	   2 Input    2 Bit        Muxes := 15    
	   6 Input    2 Bit        Muxes := 1     
	   3 Input    2 Bit        Muxes := 1     
	   3 Input    1 Bit        Muxes := 6     
	   2 Input    1 Bit        Muxes := 77    
	   4 Input    1 Bit        Muxes := 22    
	   7 Input    1 Bit        Muxes := 4     
	   6 Input    1 Bit        Muxes := 1     
---------------------------------------------------------------------------------
Finished RTL Component Statistics 
---------------------------------------------------------------------------------
---------------------------------------------------------------------------------
Start Part Resource Summary
---------------------------------------------------------------------------------
Part Resources:
DSPs: 240 (col length:80)
BRAMs: 270 (col length: RAMB18 80 RAMB36 40)
---------------------------------------------------------------------------------
Finished Part Resource Summary
---------------------------------------------------------------------------------
---------------------------------------------------------------------------------
Start Cross Boundary and Area Optimization
---------------------------------------------------------------------------------
INFO: [Synth 8-12192] Not enough pipeline registers after wide multiplier. Pipeline registers present is 1. Recommended levels of pipeline registers is 4. [/home/abid/Github/picorv32_learn/rtl/picorv32/picorv32_pcpi_fastmul.v:57]
DSP Report: Generating DSP rd0, operation Mode is: A2*B2.
DSP Report: register rs1_reg is absorbed into DSP rd0.
DSP Report: register rd0 is absorbed into DSP rd0.
DSP Report: operator rd0 is absorbed into DSP rd0.
DSP Report: operator rd0 is absorbed into DSP rd0.
DSP Report: Generating DSP rd_reg, operation Mode is: (PCIN>>17)+A2*B2.
DSP Report: register rs2_reg is absorbed into DSP rd_reg.
DSP Report: register rs1_reg is absorbed into DSP rd_reg.
DSP Report: register rd_reg is absorbed into DSP rd_reg.
DSP Report: operator rd0 is absorbed into DSP rd_reg.
DSP Report: operator rd0 is absorbed into DSP rd_reg.
DSP Report: Generating DSP rd0, operation Mode is: A2*B2.
DSP Report: register rd0 is absorbed into DSP rd0.
DSP Report: register rd0 is absorbed into DSP rd0.
DSP Report: operator rd0 is absorbed into DSP rd0.
DSP Report: operator rd0 is absorbed into DSP rd0.
DSP Report: Generating DSP rd_reg, operation Mode is: (PCIN>>17)+A2*B2.
DSP Report: register rs2_reg is absorbed into DSP rd_reg.
DSP Report: register rd_reg is absorbed into DSP rd_reg.
DSP Report: register rd_reg is absorbed into DSP rd_reg.
DSP Report: operator rd0 is absorbed into DSP rd_reg.
DSP Report: operator rd0 is absorbed into DSP rd_reg.
WARNING: [Synth 8-3936] Found unconnected internal register 'rom/read_addr_reg' and it is trimmed from '11' to '9' bits. [/home/abid/Github/picorv32_learn/rtl/axi_rom.v:423]
INFO: [Synth 8-5544] ROM "seg7/font" won't be mapped to Block RAM because address size (4) smaller than threshold (5)
WARNING: [Synth 8-3917] design picorv32_soc__GC0 has port dp driven by constant 1
INFO: [Synth 8-3886] merging instance 'cpu/picorv32_core/decoded_rs2_reg[0]' (FDE) to 'cpu/picorv32_core/decoded_imm_j_reg[11]'
INFO: [Synth 8-3886] merging instance 'cpu/picorv32_core/decoded_rs2_reg[1]' (FDE) to 'cpu/picorv32_core/decoded_imm_j_reg[1]'
INFO: [Synth 8-3886] merging instance 'cpu/picorv32_core/decoded_rs2_reg[2]' (FDE) to 'cpu/picorv32_core/decoded_imm_j_reg[2]'
INFO: [Synth 8-3886] merging instance 'cpu/picorv32_core/decoded_rs2_reg[3]' (FDE) to 'cpu/picorv32_core/decoded_imm_j_reg[3]'
INFO: [Synth 8-3886] merging instance 'cpu/picorv32_core/decoded_rs2_reg[4]' (FDE) to 'cpu/picorv32_core/decoded_imm_j_reg[4]'
INFO: [Synth 8-3886] merging instance 'cpu/picorv32_core/decoded_imm_j_reg[31]' (FDE) to 'cpu/picorv32_core/decoded_imm_j_reg[20]'
INFO: [Synth 8-3886] merging instance 'gpio/gpio/r_DATA_reg[17]' (FDCE) to 'gpio/gpio/r_DATA_reg[31]'
INFO: [Synth 8-3886] merging instance 'gpio/gpio/r_DATA_reg[16]' (FDCE) to 'gpio/gpio/r_DATA_reg[31]'
INFO: [Synth 8-3886] merging instance 'gpio/gpio/r_DATA_reg[25]' (FDCE) to 'gpio/gpio/r_DATA_reg[31]'
INFO: [Synth 8-3886] merging instance 'gpio/gpio/r_DATA_reg[24]' (FDCE) to 'gpio/gpio/r_DATA_reg[31]'
INFO: [Synth 8-3886] merging instance 'gpio/gpio/r_DATA_reg[22]' (FDCE) to 'gpio/gpio/r_DATA_reg[31]'
INFO: [Synth 8-3886] merging instance 'gpio/gpio/r_DATA_reg[21]' (FDCE) to 'gpio/gpio/r_DATA_reg[31]'
INFO: [Synth 8-3886] merging instance 'gpio/gpio/r_DATA_reg[20]' (FDCE) to 'gpio/gpio/r_DATA_reg[31]'
INFO: [Synth 8-3886] merging instance 'gpio/gpio/r_DATA_reg[27]' (FDCE) to 'gpio/gpio/r_DATA_reg[31]'
INFO: [Synth 8-3886] merging instance 'gpio/gpio/r_DATA_reg[19]' (FDCE) to 'gpio/gpio/r_DATA_reg[31]'
INFO: [Synth 8-3886] merging instance 'gpio/gpio/r_DATA_reg[26]' (FDCE) to 'gpio/gpio/r_DATA_reg[31]'
INFO: [Synth 8-3886] merging instance 'gpio/gpio/r_DATA_reg[18]' (FDCE) to 'gpio/gpio/r_DATA_reg[31]'
INFO: [Synth 8-3886] merging instance 'gpio/gpio/r_DATA_reg[28]' (FDCE) to 'gpio/gpio/r_DATA_reg[31]'
INFO: [Synth 8-3886] merging instance 'gpio/gpio/r_DATA_reg[29]' (FDCE) to 'gpio/gpio/r_DATA_reg[31]'
INFO: [Synth 8-3886] merging instance 'gpio/gpio/r_DATA_reg[31]' (FDCE) to 'gpio/gpio/r_DATA_reg[30]'
INFO: [Synth 8-3886] merging instance 'gpio/gpio/r_DATA_reg[23]' (FDCE) to 'gpio/gpio/r_DATA_reg[30]'
INFO: [Synth 8-3333] propagating constant 0 across sequential element (\gpio/gpio/r_DATA_reg[30] )
INFO: [Synth 8-3886] merging instance 'cpu/picorv32_core/decoded_imm_j_reg[30]' (FDE) to 'cpu/picorv32_core/decoded_imm_j_reg[20]'
INFO: [Synth 8-3333] propagating constant 0 across sequential element (\cpu/picorv32_core /\decoded_imm_j_reg[0] )
INFO: [Synth 8-3886] merging instance 'cpu/picorv32_core/decoded_imm_j_reg[15]' (FDE) to 'cpu/picorv32_core/decoded_rs1_reg[0]'
INFO: [Synth 8-3886] merging instance 'cpu/picorv32_core/decoded_imm_j_reg[16]' (FDE) to 'cpu/picorv32_core/decoded_rs1_reg[1]'
INFO: [Synth 8-3886] merging instance 'cpu/picorv32_core/decoded_imm_j_reg[17]' (FDE) to 'cpu/picorv32_core/decoded_rs1_reg[2]'
INFO: [Synth 8-3886] merging instance 'cpu/picorv32_core/decoded_imm_j_reg[18]' (FDE) to 'cpu/picorv32_core/decoded_rs1_reg[3]'
INFO: [Synth 8-3886] merging instance 'cpu/picorv32_core/decoded_imm_j_reg[19]' (FDE) to 'cpu/picorv32_core/decoded_rs1_reg[4]'
INFO: [Synth 8-3886] merging instance 'cpu/picorv32_core/decoded_imm_j_reg[20]' (FDE) to 'cpu/picorv32_core/decoded_imm_j_reg[21]'
INFO: [Synth 8-3886] merging instance 'cpu/picorv32_core/decoded_imm_j_reg[21]' (FDE) to 'cpu/picorv32_core/decoded_imm_j_reg[22]'
INFO: [Synth 8-3886] merging instance 'cpu/picorv32_core/decoded_imm_j_reg[22]' (FDE) to 'cpu/picorv32_core/decoded_imm_j_reg[23]'
INFO: [Synth 8-3886] merging instance 'cpu/picorv32_core/decoded_imm_j_reg[23]' (FDE) to 'cpu/picorv32_core/decoded_imm_j_reg[24]'
INFO: [Synth 8-3886] merging instance 'cpu/picorv32_core/decoded_imm_j_reg[24]' (FDE) to 'cpu/picorv32_core/decoded_imm_j_reg[25]'
INFO: [Synth 8-3886] merging instance 'cpu/picorv32_core/decoded_imm_j_reg[25]' (FDE) to 'cpu/picorv32_core/decoded_imm_j_reg[26]'
INFO: [Synth 8-3886] merging instance 'cpu/picorv32_core/decoded_imm_j_reg[26]' (FDE) to 'cpu/picorv32_core/decoded_imm_j_reg[27]'
INFO: [Synth 8-3886] merging instance 'cpu/picorv32_core/decoded_imm_j_reg[27]' (FDE) to 'cpu/picorv32_core/decoded_imm_j_reg[28]'
INFO: [Synth 8-3886] merging instance 'cpu/picorv32_core/decoded_imm_j_reg[28]' (FDE) to 'cpu/picorv32_core/decoded_imm_j_reg[29]'
INFO: [Synth 8-3333] propagating constant 0 across sequential element (\cpu/picorv32_core /do_waitirq_reg)
INFO: [Synth 8-3333] propagating constant 0 across sequential element (\cpu/picorv32_core /\cpu_state_reg[4] )
INFO: [Synth 8-3333] propagating constant 0 across sequential element (\cpu/picorv32_core /instr_retirq_reg)
INFO: [Synth 8-3333] propagating constant 0 across sequential element (\cpu/picorv32_core /instr_getq_reg)
INFO: [Synth 8-3886] merging instance 'cpu/picorv32_core/mem_addr_reg[1]' (FDE) to 'cpu/picorv32_core/mem_addr_reg[0]'
INFO: [Synth 8-3333] propagating constant 0 across sequential element (\cpu/picorv32_core /\mem_addr_reg[0] )
INFO: [Synth 8-3333] propagating constant 0 across sequential element (\cpu/picorv32_core /latched_compr_reg)
INFO: [Synth 8-3886] merging instance 'cpu/picorv32_core/reg_next_pc_reg[0]' (FDRE) to 'cpu/picorv32_core/reg_pc_reg[0]'
WARNING: [Synth 8-3332] Sequential element (rd_reg[47]) is unused and will be removed from module picorv32_pcpi_fast_mul.
WARNING: [Synth 8-3332] Sequential element (rd_reg[46]) is unused and will be removed from module picorv32_pcpi_fast_mul.
WARNING: [Synth 8-3332] Sequential element (rd_reg[45]) is unused and will be removed from module picorv32_pcpi_fast_mul.
WARNING: [Synth 8-3332] Sequential element (rd_reg[44]) is unused and will be removed from module picorv32_pcpi_fast_mul.
WARNING: [Synth 8-3332] Sequential element (rd_reg[43]) is unused and will be removed from module picorv32_pcpi_fast_mul.
WARNING: [Synth 8-3332] Sequential element (rd_reg[42]) is unused and will be removed from module picorv32_pcpi_fast_mul.
WARNING: [Synth 8-3332] Sequential element (rd_reg[41]) is unused and will be removed from module picorv32_pcpi_fast_mul.
WARNING: [Synth 8-3332] Sequential element (rd_reg[40]) is unused and will be removed from module picorv32_pcpi_fast_mul.
WARNING: [Synth 8-3332] Sequential element (rd_reg[39]) is unused and will be removed from module picorv32_pcpi_fast_mul.
WARNING: [Synth 8-3332] Sequential element (rd_reg[38]) is unused and will be removed from module picorv32_pcpi_fast_mul.
WARNING: [Synth 8-3332] Sequential element (rd_reg[37]) is unused and will be removed from module picorv32_pcpi_fast_mul.
WARNING: [Synth 8-3332] Sequential element (rd_reg[36]) is unused and will be removed from module picorv32_pcpi_fast_mul.
WARNING: [Synth 8-3332] Sequential element (rd_reg[35]) is unused and will be removed from module picorv32_pcpi_fast_mul.
WARNING: [Synth 8-3332] Sequential element (rd_reg[34]) is unused and will be removed from module picorv32_pcpi_fast_mul.
WARNING: [Synth 8-3332] Sequential element (rd_reg[33]) is unused and will be removed from module picorv32_pcpi_fast_mul.
WARNING: [Synth 8-3332] Sequential element (rd_reg[32]) is unused and will be removed from module picorv32_pcpi_fast_mul.
WARNING: [Synth 8-3332] Sequential element (rd_reg[31]) is unused and will be removed from module picorv32_pcpi_fast_mul.
WARNING: [Synth 8-3332] Sequential element (rd_reg[30]) is unused and will be removed from module picorv32_pcpi_fast_mul.
WARNING: [Synth 8-3332] Sequential element (rd_reg[29]) is unused and will be removed from module picorv32_pcpi_fast_mul.
WARNING: [Synth 8-3332] Sequential element (rd_reg[28]) is unused and will be removed from module picorv32_pcpi_fast_mul.
WARNING: [Synth 8-3332] Sequential element (rd_reg[27]) is unused and will be removed from module picorv32_pcpi_fast_mul.
WARNING: [Synth 8-3332] Sequential element (rd_reg[26]) is unused and will be removed from module picorv32_pcpi_fast_mul.
WARNING: [Synth 8-3332] Sequential element (rd_reg[25]) is unused and will be removed from module picorv32_pcpi_fast_mul.
WARNING: [Synth 8-3332] Sequential element (rd_reg[24]) is unused and will be removed from module picorv32_pcpi_fast_mul.
WARNING: [Synth 8-3332] Sequential element (rd_reg[23]) is unused and will be removed from module picorv32_pcpi_fast_mul.
WARNING: [Synth 8-3332] Sequential element (rd_reg[22]) is unused and will be removed from module picorv32_pcpi_fast_mul.
WARNING: [Synth 8-3332] Sequential element (rd_reg[21]) is unused and will be removed from module picorv32_pcpi_fast_mul.
WARNING: [Synth 8-3332] Sequential element (rd_reg[20]) is unused and will be removed from module picorv32_pcpi_fast_mul.
WARNING: [Synth 8-3332] Sequential element (rd_reg[19]) is unused and will be removed from module picorv32_pcpi_fast_mul.
WARNING: [Synth 8-3332] Sequential element (rd_reg[18]) is unused and will be removed from module picorv32_pcpi_fast_mul.
WARNING: [Synth 8-3332] Sequential element (rd_reg[17]) is unused and will be removed from module picorv32_pcpi_fast_mul.
WARNING: [Synth 8-3332] Sequential element (rd_reg[47]__0) is unused and will be removed from module picorv32_pcpi_fast_mul.
WARNING: [Synth 8-3332] Sequential element (rd_reg[46]__0) is unused and will be removed from module picorv32_pcpi_fast_mul.
WARNING: [Synth 8-3332] Sequential element (rd_reg[45]__0) is unused and will be removed from module picorv32_pcpi_fast_mul.
WARNING: [Synth 8-3332] Sequential element (rd_reg[44]__0) is unused and will be removed from module picorv32_pcpi_fast_mul.
WARNING: [Synth 8-3332] Sequential element (rd_reg[43]__0) is unused and will be removed from module picorv32_pcpi_fast_mul.
WARNING: [Synth 8-3332] Sequential element (rd_reg[42]__0) is unused and will be removed from module picorv32_pcpi_fast_mul.
WARNING: [Synth 8-3332] Sequential element (rd_reg[41]__0) is unused and will be removed from module picorv32_pcpi_fast_mul.
WARNING: [Synth 8-3332] Sequential element (rd_reg[40]__0) is unused and will be removed from module picorv32_pcpi_fast_mul.
WARNING: [Synth 8-3332] Sequential element (rd_reg[39]__0) is unused and will be removed from module picorv32_pcpi_fast_mul.
WARNING: [Synth 8-3332] Sequential element (rd_reg[38]__0) is unused and will be removed from module picorv32_pcpi_fast_mul.
WARNING: [Synth 8-3332] Sequential element (rd_reg[37]__0) is unused and will be removed from module picorv32_pcpi_fast_mul.
WARNING: [Synth 8-3332] Sequential element (rd_reg[36]__0) is unused and will be removed from module picorv32_pcpi_fast_mul.
WARNING: [Synth 8-3332] Sequential element (rd_reg[35]__0) is unused and will be removed from module picorv32_pcpi_fast_mul.
WARNING: [Synth 8-3332] Sequential element (rd_reg[34]__0) is unused and will be removed from module picorv32_pcpi_fast_mul.
WARNING: [Synth 8-3332] Sequential element (rd_reg[33]__0) is unused and will be removed from module picorv32_pcpi_fast_mul.
WARNING: [Synth 8-3332] Sequential element (rd_reg[32]__0) is unused and will be removed from module picorv32_pcpi_fast_mul.
WARNING: [Synth 8-3332] Sequential element (rd_reg[31]__0) is unused and will be removed from module picorv32_pcpi_fast_mul.
WARNING: [Synth 8-3332] Sequential element (rd_reg[30]__0) is unused and will be removed from module picorv32_pcpi_fast_mul.
WARNING: [Synth 8-3332] Sequential element (rd_reg[29]__0) is unused and will be removed from module picorv32_pcpi_fast_mul.
WARNING: [Synth 8-3332] Sequential element (rd_reg[28]__0) is unused and will be removed from module picorv32_pcpi_fast_mul.
WARNING: [Synth 8-3332] Sequential element (rd_reg[27]__0) is unused and will be removed from module picorv32_pcpi_fast_mul.
WARNING: [Synth 8-3332] Sequential element (rd_reg[26]__0) is unused and will be removed from module picorv32_pcpi_fast_mul.
WARNING: [Synth 8-3332] Sequential element (rd_reg[25]__0) is unused and will be removed from module picorv32_pcpi_fast_mul.
WARNING: [Synth 8-3332] Sequential element (rd_reg[24]__0) is unused and will be removed from module picorv32_pcpi_fast_mul.
WARNING: [Synth 8-3332] Sequential element (rd_reg[23]__0) is unused and will be removed from module picorv32_pcpi_fast_mul.
WARNING: [Synth 8-3332] Sequential element (rd_reg[22]__0) is unused and will be removed from module picorv32_pcpi_fast_mul.
WARNING: [Synth 8-3332] Sequential element (rd_reg[21]__0) is unused and will be removed from module picorv32_pcpi_fast_mul.
WARNING: [Synth 8-3332] Sequential element (rd_reg[20]__0) is unused and will be removed from module picorv32_pcpi_fast_mul.
WARNING: [Synth 8-3332] Sequential element (rd_reg[19]__0) is unused and will be removed from module picorv32_pcpi_fast_mul.
WARNING: [Synth 8-3332] Sequential element (rd_reg[18]__0) is unused and will be removed from module picorv32_pcpi_fast_mul.
WARNING: [Synth 8-3332] Sequential element (rd_reg[17]__0) is unused and will be removed from module picorv32_pcpi_fast_mul.
INFO: [Synth 8-3333] propagating constant 0 across sequential element (\cpu/picorv32_core /\cpuregs_reg[0][2] )
INFO: [Synth 8-3333] propagating constant 0 across sequential element (\cpu/picorv32_core /\cpuregs_reg[0][3] )
INFO: [Synth 8-3333] propagating constant 0 across sequential element (\cpu/picorv32_core /\cpuregs_reg[0][4] )
INFO: [Synth 8-3333] propagating constant 0 across sequential element (\cpu/picorv32_core /\cpuregs_reg[0][5] )
INFO: [Synth 8-3333] propagating constant 0 across sequential element (\cpu/picorv32_core /\cpuregs_reg[0][6] )
INFO: [Synth 8-3333] propagating constant 0 across sequential element (\cpu/picorv32_core /\cpuregs_reg[0][7] )
INFO: [Synth 8-3333] propagating constant 0 across sequential element (\cpu/picorv32_core /\cpuregs_reg[0][8] )
INFO: [Synth 8-3333] propagating constant 0 across sequential element (\cpu/picorv32_core /\cpuregs_reg[0][9] )
INFO: [Synth 8-3333] propagating constant 0 across sequential element (\cpu/picorv32_core /\cpuregs_reg[0][10] )
INFO: [Synth 8-3333] propagating constant 0 across sequential element (\cpu/picorv32_core /\cpuregs_reg[0][11] )
INFO: [Synth 8-3333] propagating constant 0 across sequential element (\cpu/picorv32_core /\cpuregs_reg[0][12] )
INFO: [Synth 8-3333] propagating constant 0 across sequential element (\cpu/picorv32_core /\cpuregs_reg[0][13] )
INFO: [Synth 8-3333] propagating constant 0 across sequential element (\cpu/picorv32_core /\cpuregs_reg[0][14] )
INFO: [Synth 8-3333] propagating constant 0 across sequential element (\cpu/picorv32_core /\cpuregs_reg[0][15] )
INFO: [Synth 8-3333] propagating constant 0 across sequential element (\cpu/picorv32_core /\cpuregs_reg[0][16] )
INFO: [Synth 8-3333] propagating constant 0 across sequential element (\cpu/picorv32_core /\cpuregs_reg[0][17] )
INFO: [Synth 8-3333] propagating constant 0 across sequential element (\cpu/picorv32_core /\cpuregs_reg[0][18] )
INFO: [Synth 8-3333] propagating constant 0 across sequential element (\cpu/picorv32_core /\cpuregs_reg[0][19] )
INFO: [Synth 8-3333] propagating constant 0 across sequential element (\cpu/picorv32_core /\cpuregs_reg[0][20] )
INFO: [Synth 8-3333] propagating constant 0 across sequential element (\cpu/picorv32_core /\cpuregs_reg[0][21] )
INFO: [Synth 8-3333] propagating constant 0 across sequential element (\cpu/picorv32_core /\cpuregs_reg[0][22] )
INFO: [Synth 8-3333] propagating constant 0 across sequential element (\cpu/picorv32_core /\cpuregs_reg[0][23] )
INFO: [Synth 8-3333] propagating constant 0 across sequential element (\cpu/picorv32_core /\cpuregs_reg[0][24] )
INFO: [Synth 8-3333] propagating constant 0 across sequential element (\cpu/picorv32_core /\cpuregs_reg[0][25] )
INFO: [Synth 8-3333] propagating constant 0 across sequential element (\cpu/picorv32_core /\cpuregs_reg[0][26] )
INFO: [Synth 8-3333] propagating constant 0 across sequential element (\cpu/picorv32_core /\cpuregs_reg[0][31] )
INFO: [Synth 8-3333] propagating constant 0 across sequential element (\cpu/picorv32_core /\cpuregs_reg[0][27] )
INFO: [Synth 8-3333] propagating constant 0 across sequential element (\cpu/picorv32_core /\cpuregs_reg[0][28] )
INFO: [Synth 8-3333] propagating constant 0 across sequential element (\cpu/picorv32_core /\cpuregs_reg[0][29] )
INFO: [Synth 8-3333] propagating constant 0 across sequential element (\cpu/picorv32_core /\cpuregs_reg[0][30] )
INFO: [Synth 8-3333] propagating constant 0 across sequential element (\cpu/picorv32_core /\cpuregs_reg[0][0] )
INFO: [Synth 8-3333] propagating constant 0 across sequential element (\cpu/picorv32_core /\cpuregs_reg[0][1] )
---------------------------------------------------------------------------------
Finished Cross Boundary and Area Optimization : Time (s): cpu = 00:03:08 ; elapsed = 00:03:21 . Memory (MB): peak = 2828.883 ; gain = 1158.879 ; free physical = 187 ; free virtual = 25260
---------------------------------------------------------------------------------
 Sort Area is picorv32_soc__GC0 rd0_0 : 0 0 : 2737 5129 : Used 1 time 0
 Sort Area is picorv32_soc__GC0 rd0_0 : 0 1 : 2392 5129 : Used 1 time 0
 Sort Area is picorv32_soc__GC0 rd0_3 : 0 0 : 2338 4501 : Used 1 time 0
 Sort Area is picorv32_soc__GC0 rd0_3 : 0 1 : 2163 4501 : Used 1 time 0
---------------------------------------------------------------------------------
Start ROM, RAM, DSP, Shift Register and Retiming Reporting
---------------------------------------------------------------------------------

DSP: Preliminary Mapping Report (see note below. The ' indicates corresponding REG is set)
+-----------------------+------------------+--------+--------+--------+--------+--------+------+------+------+------+-------+------+------+
|Module Name            | DSP Mapping      | A Size | B Size | C Size | D Size | P Size | AREG | BREG | CREG | DREG | ADREG | MREG | PREG | 
+-----------------------+------------------+--------+--------+--------+--------+--------+------+------+------+------+-------+------+------+
|picorv32_pcpi_fast_mul | A2*B2            | 18     | 16     | -      | -      | 48     | 1    | 1    | -    | -    | -     | 0    | 0    | 
|picorv32_pcpi_fast_mul | (PCIN>>17)+A2*B2 | 16     | 16     | -      | -      | 48     | 1    | 1    | -    | -    | -     | 0    | 1    | 
|picorv32_pcpi_fast_mul | A2*B2            | 18     | 18     | -      | -      | 48     | 1    | 1    | -    | -    | -     | 0    | 0    | 
|picorv32_pcpi_fast_mul | (PCIN>>17)+A2*B2 | 18     | 16     | -      | -      | 48     | 1    | 1    | -    | -    | -     | 0    | 1    | 
+-----------------------+------------------+--------+--------+--------+--------+--------+------+------+------+------+-------+------+------+

Note: The table above is a preliminary report that shows the DSPs inferred at the current stage of the synthesis flow. Some DSP may be reimplemented as non DSP primitives later in the synthesis flow. Multiple instantiated DSPs are reported only once.
---------------------------------------------------------------------------------
Finished ROM, RAM, DSP, Shift Register and Retiming Reporting
---------------------------------------------------------------------------------
---------------------------------------------------------------------------------
Start Applying XDC Timing Constraints
---------------------------------------------------------------------------------
---------------------------------------------------------------------------------
Finished Applying XDC Timing Constraints : Time (s): cpu = 00:05:43 ; elapsed = 00:03:58 . Memory (MB): peak = 2828.883 ; gain = 1158.879 ; free physical = 231 ; free virtual = 25866
---------------------------------------------------------------------------------
---------------------------------------------------------------------------------
Start Timing Optimization
---------------------------------------------------------------------------------
---------------------------------------------------------------------------------
Finished Timing Optimization : Time (s): cpu = 00:09:32 ; elapsed = 00:07:51 . Memory (MB): peak = 3048.805 ; gain = 1378.801 ; free physical = 160 ; free virtual = 25709
---------------------------------------------------------------------------------
---------------------------------------------------------------------------------
Start Technology Mapping
---------------------------------------------------------------------------------
INFO: [Synth 8-7052] The timing for the instance i_0/rom/read_addr_reg (implemented as a Block RAM) might be sub-optimal as no optional output register could be merged into the ram block. Providing additional output register may help in improving timing.
INFO: [Synth 8-7052] The timing for the instance i_0/rom/read_addr_reg (implemented as a Block RAM) might be sub-optimal as no optional output register could be merged into the ram block. Providing additional output register may help in improving timing.
---------------------------------------------------------------------------------
Finished Technology Mapping : Time (s): cpu = 00:09:55 ; elapsed = 00:08:30 . Memory (MB): peak = 3083.316 ; gain = 1413.312 ; free physical = 136 ; free virtual = 24289
---------------------------------------------------------------------------------
---------------------------------------------------------------------------------
Start IO Insertion
---------------------------------------------------------------------------------
---------------------------------------------------------------------------------
Start Flattening Before IO Insertion
---------------------------------------------------------------------------------
---------------------------------------------------------------------------------
Finished Flattening Before IO Insertion
---------------------------------------------------------------------------------
---------------------------------------------------------------------------------
Start Final Netlist Cleanup
---------------------------------------------------------------------------------
INFO: [Synth 8-7052] The timing for the instance rom/read_addr_reg (implemented as a Block RAM) might be sub-optimal as no optional output register could be merged into the ram block. Providing additional output register may help in improving timing.
INFO: [Synth 8-7052] The timing for the instance rom/read_addr_reg (implemented as a Block RAM) might be sub-optimal as no optional output register could be merged into the ram block. Providing additional output register may help in improving timing.
---------------------------------------------------------------------------------
Finished Final Netlist Cleanup
---------------------------------------------------------------------------------
---------------------------------------------------------------------------------
Finished IO Insertion : Time (s): cpu = 00:10:51 ; elapsed = 00:09:32 . Memory (MB): peak = 3095.387 ; gain = 1425.383 ; free physical = 140 ; free virtual = 24142
---------------------------------------------------------------------------------
---------------------------------------------------------------------------------
Start Renaming Generated Instances
---------------------------------------------------------------------------------
---------------------------------------------------------------------------------
Finished Renaming Generated Instances : Time (s): cpu = 00:10:51 ; elapsed = 00:09:32 . Memory (MB): peak = 3095.387 ; gain = 1425.383 ; free physical = 126 ; free virtual = 24136
---------------------------------------------------------------------------------
---------------------------------------------------------------------------------
Start Rebuilding User Hierarchy
---------------------------------------------------------------------------------
---------------------------------------------------------------------------------
Finished Rebuilding User Hierarchy : Time (s): cpu = 00:11:00 ; elapsed = 00:09:42 . Memory (MB): peak = 3099.527 ; gain = 1429.523 ; free physical = 149 ; free virtual = 24170
---------------------------------------------------------------------------------
---------------------------------------------------------------------------------
Start Renaming Generated Ports
---------------------------------------------------------------------------------
---------------------------------------------------------------------------------
Finished Renaming Generated Ports : Time (s): cpu = 00:11:02 ; elapsed = 00:09:43 . Memory (MB): peak = 3099.527 ; gain = 1429.523 ; free physical = 126 ; free virtual = 24151
---------------------------------------------------------------------------------
---------------------------------------------------------------------------------
Start Handling Custom Attributes
---------------------------------------------------------------------------------
---------------------------------------------------------------------------------
Finished Handling Custom Attributes : Time (s): cpu = 00:11:04 ; elapsed = 00:09:46 . Memory (MB): peak = 3121.340 ; gain = 1451.336 ; free physical = 142 ; free virtual = 24151
---------------------------------------------------------------------------------
---------------------------------------------------------------------------------
Start Renaming Generated Nets
---------------------------------------------------------------------------------
---------------------------------------------------------------------------------
Finished Renaming Generated Nets : Time (s): cpu = 00:11:04 ; elapsed = 00:09:46 . Memory (MB): peak = 3121.340 ; gain = 1451.336 ; free physical = 136 ; free virtual = 24146
---------------------------------------------------------------------------------
---------------------------------------------------------------------------------
Start Writing Synthesis Report
---------------------------------------------------------------------------------

DSP Final Report (the ' indicates corresponding REG is set)
+-----------------------+--------------------+--------+--------+--------+--------+--------+------+------+------+------+-------+------+------+
|Module Name            | DSP Mapping        | A Size | B Size | C Size | D Size | P Size | AREG | BREG | CREG | DREG | ADREG | MREG | PREG | 
+-----------------------+--------------------+--------+--------+--------+--------+--------+------+------+------+------+-------+------+------+
|picorv32_pcpi_fast_mul | A''*B'             | 17     | 18     | -      | -      | 48     | 2    | 1    | -    | -    | -     | 0    | 0    | 
|picorv32_pcpi_fast_mul | (PCIN>>17+A'*B')'  | 30     | 18     | -      | -      | 48     | 1    | 1    | -    | -    | -     | 0    | 1    | 
|picorv32_pcpi_fast_mul | A''*B''            | 17     | 17     | -      | -      | 48     | 2    | 2    | -    | -    | -     | 0    | 0    | 
|picorv32_pcpi_fast_mul | (PCIN>>17+A''*B')' | 17     | 18     | -      | -      | 48     | 2    | 1    | -    | -    | -     | 0    | 1    | 
+-----------------------+--------------------+--------+--------+--------+--------+--------+------+------+------+------+-------+------+------+


Report BlackBoxes: 
+-+--------------+----------+
| |BlackBox name |Instances |
+-+--------------+----------+
+-+--------------+----------+

Report Cell Usage: 
+------+---------+------+
|      |Cell     |Count |
+------+---------+------+
|1     |BUFG     |     1|
|2     |CARRY4   |   148|
|3     |DSP48E1  |     4|
|7     |LUT1     |   136|
|8     |LUT2     |   317|
|9     |LUT3     |   995|
|10    |LUT4     |   697|
|11    |LUT5     |  4080|
|12    |LUT6     | 11640|
|13    |MUXF7    |  4357|
|14    |MUXF8    |  1594|
|15    |RAMB18E1 |     1|
|16    |FDCE     |   124|
|17    |FDPE     |     9|
|18    |FDRE     | 34635|
|19    |FDSE     |    29|
|20    |IBUF     |    18|
|21    |OBUF     |    33|
+------+---------+------+
---------------------------------------------------------------------------------
Finished Writing Synthesis Report : Time (s): cpu = 00:11:04 ; elapsed = 00:09:46 . Memory (MB): peak = 3121.340 ; gain = 1451.336 ; free physical = 122 ; free virtual = 24142
---------------------------------------------------------------------------------
Synthesis finished with 0 errors, 0 critical warnings and 132 warnings.
Synthesis Optimization Runtime : Time (s): cpu = 00:10:40 ; elapsed = 00:09:34 . Memory (MB): peak = 3125.254 ; gain = 1280.496 ; free physical = 2671 ; free virtual = 30812
Synthesis Optimization Complete : Time (s): cpu = 00:11:05 ; elapsed = 00:09:54 . Memory (MB): peak = 3125.254 ; gain = 1455.250 ; free physical = 2687 ; free virtual = 30815
INFO: [Project 1-571] Translating synthesized netlist
Netlist sorting complete. Time (s): cpu = 00:00:00.91 ; elapsed = 00:00:00.91 . Memory (MB): peak = 3125.254 ; gain = 0.000 ; free physical = 2670 ; free virtual = 30811
INFO: [Netlist 29-17] Analyzing 6104 Unisim elements for replacement
INFO: [Netlist 29-28] Unisim Transformation completed in 0 CPU seconds
WARNING: [Netlist 29-101] Netlist 'picorv32_soc' is not ideal for floorplanning, since the cellview 'axi_ram' contains a large number of primitives.  Please consider enabling hierarchy in synthesis if you want to do floorplanning.
INFO: [Project 1-570] Preparing netlist for logic optimization
Parsing XDC File [/home/abid/Github/picorv32_learn/viv/xdc/nexysa7_picorv32.xdc]
Finished Parsing XDC File [/home/abid/Github/picorv32_learn/viv/xdc/nexysa7_picorv32.xdc]
INFO: [Opt 31-138] Pushed 0 inverter(s) to 0 load pin(s).
Netlist sorting complete. Time (s): cpu = 00:00:00.02 ; elapsed = 00:00:00.02 . Memory (MB): peak = 3153.355 ; gain = 0.000 ; free physical = 2571 ; free virtual = 30789
INFO: [Project 1-111] Unisim Transformation Summary:
No Unisim elements were transformed.

Synth Design complete | Checksum: 403f123
INFO: [Common 17-83] Releasing license: Synthesis
142 Infos, 260 Warnings, 0 Critical Warnings and 0 Errors encountered.
synth_design completed successfully
synth_design: Time (s): cpu = 00:11:30 ; elapsed = 00:10:21 . Memory (MB): peak = 3153.391 ; gain = 1612.668 ; free physical = 2441 ; free virtual = 30698
INFO: [Common 17-2834] synth_design peak Physical Memory [PSS] (MB): overall = 5095.498; main = 1986.772; forked = 4239.551
INFO: [Common 17-2834] synth_design peak Virtual Memory [VSS] (MB): overall = 15682.555; main = 3153.359; forked = 12857.590
# write_checkpoint -force $dir_out/post_synth.dcp
Wrote PlaceDB: Time (s): cpu = 00:00:00.03 ; elapsed = 00:00:00 . Memory (MB): peak = 3185.371 ; gain = 0.000 ; free physical = 2430 ; free virtual = 30687
INFO: [Timing 38-480] Writing timing data to binary archive.
Wrote PulsedLatchDB: Time (s): cpu = 00:00:00 ; elapsed = 00:00:00 . Memory (MB): peak = 3185.371 ; gain = 0.000 ; free physical = 2430 ; free virtual = 30688
Writing XDEF routing.
Write ShapeDB Complete: Time (s): cpu = 00:00:00.58 ; elapsed = 00:00:00.14 . Memory (MB): peak = 3185.371 ; gain = 0.000 ; free physical = 2424 ; free virtual = 30687
Writing XDEF routing logical nets.
Writing XDEF routing special nets.
Wrote RouteStorage: Time (s): cpu = 00:00:00.69 ; elapsed = 00:00:00.19 . Memory (MB): peak = 3185.371 ; gain = 0.000 ; free physical = 2413 ; free virtual = 30680
Wrote Netlist Cache: Time (s): cpu = 00:00:00 ; elapsed = 00:00:00 . Memory (MB): peak = 3185.371 ; gain = 0.000 ; free physical = 2413 ; free virtual = 30680
Wrote Device Cache: Time (s): cpu = 00:00:00.03 ; elapsed = 00:00:00.01 . Memory (MB): peak = 3185.371 ; gain = 0.000 ; free physical = 2413 ; free virtual = 30680
Write Physdb Complete: Time (s): cpu = 00:00:00.8 ; elapsed = 00:00:00.21 . Memory (MB): peak = 3185.371 ; gain = 0.000 ; free physical = 2413 ; free virtual = 30680
INFO: [Common 17-1381] The checkpoint '/home/abid/Github/picorv32_learn/viv/out/post_synth.dcp' has been generated.
write_checkpoint: Time (s): cpu = 00:00:14 ; elapsed = 00:00:13 . Memory (MB): peak = 3185.371 ; gain = 31.980 ; free physical = 2058 ; free virtual = 30616
# report_timing_summary -file $path_report/timing_syn.rpt
INFO: [Timing 38-35] Done setting XDC timing constraints.
INFO: [Timing 38-91] UpdateTimingParams: Speed grade: -1, Delay Type: min_max.
INFO: [Timing 38-191] Multithreading enabled for timing update using a maximum of 6 CPUs
report_timing_summary: Time (s): cpu = 00:00:35 ; elapsed = 00:00:20 . Memory (MB): peak = 3286.215 ; gain = 100.844 ; free physical = 1875 ; free virtual = 30786
# opt_design
Command: opt_design
Attempting to get a license for feature 'Implementation' and/or device 'xc7a100t'
INFO: [Common 17-349] Got license for feature 'Implementation' and/or device 'xc7a100t'
Running DRC as a precondition to command opt_design

Starting DRC Task
INFO: [DRC 23-27] Running DRC with 6 threads
INFO: [Project 1-461] DRC finished with 0 Errors
INFO: [Project 1-462] Please refer to the DRC report (report_drc) for more information.

Time (s): cpu = 00:00:05 ; elapsed = 00:00:02 . Memory (MB): peak = 3368.355 ; gain = 82.141 ; free physical = 1800 ; free virtual = 30740

Starting Cache Timing Information Task
Ending Cache Timing Information Task | Checksum: 13ffa4bad

Time (s): cpu = 00:00:00.02 ; elapsed = 00:00:00.03 . Memory (MB): peak = 3368.355 ; gain = 0.000 ; free physical = 1800 ; free virtual = 30742

Starting Logic Optimization Task

Phase 1 Initialization

Phase 1.1 Core Generation And Design Setup
Phase 1.1 Core Generation And Design Setup | Checksum: 13ffa4bad

Time (s): cpu = 00:00:00.05 ; elapsed = 00:00:00.05 . Memory (MB): peak = 3573.230 ; gain = 0.000 ; free physical = 1515 ; free virtual = 30461

Phase 1.2 Setup Constraints And Sort Netlist
Phase 1.2 Setup Constraints And Sort Netlist | Checksum: 13ffa4bad

Time (s): cpu = 00:00:00.11 ; elapsed = 00:00:00.11 . Memory (MB): peak = 3573.230 ; gain = 0.000 ; free physical = 1515 ; free virtual = 30463
Phase 1 Initialization | Checksum: 13ffa4bad

Time (s): cpu = 00:00:00.11 ; elapsed = 00:00:00.11 . Memory (MB): peak = 3573.230 ; gain = 0.000 ; free physical = 1515 ; free virtual = 30463

Phase 2 Timer Update And Timing Data Collection

Phase 2.1 Timer Update
Phase 2.1 Timer Update | Checksum: 13ffa4bad

Time (s): cpu = 00:00:04 ; elapsed = 00:00:01 . Memory (MB): peak = 3573.230 ; gain = 0.000 ; free physical = 1512 ; free virtual = 30464

Phase 2.2 Timing Data Collection
Phase 2.2 Timing Data Collection | Checksum: 13ffa4bad

Time (s): cpu = 00:00:04 ; elapsed = 00:00:01 . Memory (MB): peak = 3573.230 ; gain = 0.000 ; free physical = 1512 ; free virtual = 30472
Phase 2 Timer Update And Timing Data Collection | Checksum: 13ffa4bad

Time (s): cpu = 00:00:04 ; elapsed = 00:00:01 . Memory (MB): peak = 3573.230 ; gain = 0.000 ; free physical = 1512 ; free virtual = 30472

Phase 3 Retarget
INFO: [Opt 31-1851] Number of loadless carry chains removed were: 0
INFO: [Opt 31-1834] Total Chains To Be Transformed Were: 0 AND Number of Transformed insts Created are: 0
INFO: [Opt 31-1566] Pulled 1 inverters resulting in an inversion of 50 pins
INFO: [Opt 31-138] Pushed 0 inverter(s) to 0 load pin(s).
INFO: [Opt 31-49] Retargeted 0 cell(s).
Phase 3 Retarget | Checksum: 271837efb

Time (s): cpu = 00:00:05 ; elapsed = 00:00:03 . Memory (MB): peak = 3573.230 ; gain = 0.000 ; free physical = 1518 ; free virtual = 30482
Retarget | Checksum: 271837efb
INFO: [Opt 31-389] Phase Retarget created 0 cells and removed 1 cells

Phase 4 Constant propagation
INFO: [Opt 31-138] Pushed 0 inverter(s) to 0 load pin(s).
Phase 4 Constant propagation | Checksum: 1cf4ae7e2

Time (s): cpu = 00:00:06 ; elapsed = 00:00:03 . Memory (MB): peak = 3573.230 ; gain = 0.000 ; free physical = 1509 ; free virtual = 30473
Constant propagation | Checksum: 1cf4ae7e2
INFO: [Opt 31-389] Phase Constant propagation created 0 cells and removed 0 cells

Phase 5 Sweep
INFO: [Constraints 18-11670] Building netlist checker database with flags, 0x8
Done building netlist checker database: Time (s): cpu = 00:00:00.02 ; elapsed = 00:00:00.02 . Memory (MB): peak = 3573.230 ; gain = 0.000 ; free physical = 1481 ; free virtual = 30465
Phase 5 Sweep | Checksum: 1937bdb6c

Time (s): cpu = 00:00:07 ; elapsed = 00:00:04 . Memory (MB): peak = 3573.230 ; gain = 0.000 ; free physical = 1436 ; free virtual = 30407
Sweep | Checksum: 1937bdb6c
INFO: [Opt 31-389] Phase Sweep created 1 cells and removed 0 cells

Phase 6 BUFG optimization
Phase 6 BUFG optimization | Checksum: 1937bdb6c

Time (s): cpu = 00:00:09 ; elapsed = 00:00:05 . Memory (MB): peak = 3573.230 ; gain = 0.000 ; free physical = 1285 ; free virtual = 30284
BUFG optimization | Checksum: 1937bdb6c
INFO: [Opt 31-662] Phase BUFG optimization created 0 cells of which 0 are BUFGs and removed 0 cells.

Phase 7 Shift Register Optimization
INFO: [Opt 31-1064] SRL Remap converted 0 SRLs to 0 registers and converted 0 registers of register chains to 0 SRLs
Phase 7 Shift Register Optimization | Checksum: 1937bdb6c

Time (s): cpu = 00:00:09 ; elapsed = 00:00:06 . Memory (MB): peak = 3573.230 ; gain = 0.000 ; free physical = 1290 ; free virtual = 30289
Shift Register Optimization | Checksum: 1937bdb6c
INFO: [Opt 31-389] Phase Shift Register Optimization created 0 cells and removed 0 cells

Phase 8 Post Processing Netlist
Phase 8 Post Processing Netlist | Checksum: 1b287cdd4

Time (s): cpu = 00:00:09 ; elapsed = 00:00:06 . Memory (MB): peak = 3573.230 ; gain = 0.000 ; free physical = 1284 ; free virtual = 30288
Post Processing Netlist | Checksum: 1b287cdd4
INFO: [Opt 31-389] Phase Post Processing Netlist created 0 cells and removed 0 cells

Phase 9 Finalization

Phase 9.1 Finalizing Design Cores and Updating Shapes
Phase 9.1 Finalizing Design Cores and Updating Shapes | Checksum: 18c92c952

Time (s): cpu = 00:00:10 ; elapsed = 00:00:06 . Memory (MB): peak = 3573.230 ; gain = 0.000 ; free physical = 1286 ; free virtual = 30290

Phase 9.2 Verifying Netlist Connectivity

Starting Connectivity Check Task

Time (s): cpu = 00:00:00.15 ; elapsed = 00:00:00.15 . Memory (MB): peak = 3573.230 ; gain = 0.000 ; free physical = 1282 ; free virtual = 30288
Phase 9.2 Verifying Netlist Connectivity | Checksum: 18c92c952

Time (s): cpu = 00:00:10 ; elapsed = 00:00:06 . Memory (MB): peak = 3573.230 ; gain = 0.000 ; free physical = 1282 ; free virtual = 30288
Phase 9 Finalization | Checksum: 18c92c952

Time (s): cpu = 00:00:10 ; elapsed = 00:00:06 . Memory (MB): peak = 3573.230 ; gain = 0.000 ; free physical = 1282 ; free virtual = 30288
Opt_design Change Summary
=========================


-------------------------------------------------------------------------------------------------------------------------
|  Phase                        |  #Cells created  |  #Cells Removed  |  #Constrained objects preventing optimizations  |
-------------------------------------------------------------------------------------------------------------------------
|  Retarget                     |               0  |               1  |                                              0  |
|  Constant propagation         |               0  |               0  |                                              0  |
|  Sweep                        |               1  |               0  |                                              0  |
|  BUFG optimization            |               0  |               0  |                                              0  |
|  Shift Register Optimization  |               0  |               0  |                                              0  |
|  Post Processing Netlist      |               0  |               0  |                                              0  |
-------------------------------------------------------------------------------------------------------------------------


Ending Logic Optimization Task | Checksum: 18c92c952

Time (s): cpu = 00:00:10 ; elapsed = 00:00:06 . Memory (MB): peak = 3573.230 ; gain = 0.000 ; free physical = 1282 ; free virtual = 30290

Starting Power Optimization Task
INFO: [Pwropt 34-132] Skipping clock gating for clocks with a period < 2.00 ns.
INFO: [Pwropt 34-9] Applying IDT optimizations ...
INFO: [Pwropt 34-10] Applying ODC optimizations ...
INFO: [Timing 38-35] Done setting XDC timing constraints.
Running Vector-less Activity Propagation...

Finished Running Vector-less Activity Propagation


Starting PowerOpt Patch Enables Task
INFO: [Pwropt 34-162] WRITE_MODE attribute of 0 BRAM(s) out of a total of 1 has been updated to save power. Run report_power_opt to get a complete listing of the BRAMs updated.
INFO: [Pwropt 34-201] Structural ODC has moved 0 WE to EN ports
Number of BRAM Ports augmented: 0 newly gated: 0 Total Ports: 2
Ending PowerOpt Patch Enables Task | Checksum: 18c92c952

Time (s): cpu = 00:00:00.24 ; elapsed = 00:00:00.25 . Memory (MB): peak = 3725.273 ; gain = 0.000 ; free physical = 1188 ; free virtual = 30227
Ending Power Optimization Task | Checksum: 18c92c952

Time (s): cpu = 00:00:23 ; elapsed = 00:00:08 . Memory (MB): peak = 3725.273 ; gain = 152.043 ; free physical = 1188 ; free virtual = 30232

Starting Final Cleanup Task
Ending Final Cleanup Task | Checksum: 18c92c952

Time (s): cpu = 00:00:00.01 ; elapsed = 00:00:00 . Memory (MB): peak = 3725.273 ; gain = 0.000 ; free physical = 1188 ; free virtual = 30232

Starting Netlist Obfuscation Task
Netlist sorting complete. Time (s): cpu = 00:00:00.03 ; elapsed = 00:00:00.03 . Memory (MB): peak = 3725.273 ; gain = 0.000 ; free physical = 1188 ; free virtual = 30236
Ending Netlist Obfuscation Task | Checksum: 18c92c952

Time (s): cpu = 00:00:00.04 ; elapsed = 00:00:00.04 . Memory (MB): peak = 3725.273 ; gain = 0.000 ; free physical = 1188 ; free virtual = 30236
INFO: [Common 17-83] Releasing license: Implementation
25 Infos, 0 Warnings, 0 Critical Warnings and 0 Errors encountered.
opt_design completed successfully
opt_design: Time (s): cpu = 00:00:44 ; elapsed = 00:00:22 . Memory (MB): peak = 3725.273 ; gain = 439.059 ; free physical = 1184 ; free virtual = 30236
# place_design
Command: place_design
Attempting to get a license for feature 'Implementation' and/or device 'xc7a100t'
INFO: [Common 17-349] Got license for feature 'Implementation' and/or device 'xc7a100t'
INFO: [Common 17-83] Releasing license: Implementation
INFO: [DRC 23-27] Running DRC with 6 threads
INFO: [Vivado_Tcl 4-198] DRC finished with 0 Errors
INFO: [Vivado_Tcl 4-199] Please refer to the DRC report (report_drc) for more information.
Running DRC as a precondition to command place_design
INFO: [DRC 23-27] Running DRC with 6 threads
INFO: [Vivado_Tcl 4-198] DRC finished with 0 Errors, 21 Warnings
INFO: [Vivado_Tcl 4-199] Please refer to the DRC report (report_drc) for more information.
INFO: [Place 30-611] Multithreading enabled for place_design using a maximum of 6 CPUs

Starting Placer Task

Phase 1 Placer Initialization

Phase 1.1 Placer Initialization Netlist Sorting
Netlist sorting complete. Time (s): cpu = 00:00:00.03 ; elapsed = 00:00:00.03 . Memory (MB): peak = 3725.273 ; gain = 0.000 ; free physical = 1207 ; free virtual = 30254
Phase 1.1 Placer Initialization Netlist Sorting | Checksum: 163f8cf73

Time (s): cpu = 00:00:00.04 ; elapsed = 00:00:00.05 . Memory (MB): peak = 3725.273 ; gain = 0.000 ; free physical = 1207 ; free virtual = 30255
Netlist sorting complete. Time (s): cpu = 00:00:00.03 ; elapsed = 00:00:00.03 . Memory (MB): peak = 3725.273 ; gain = 0.000 ; free physical = 1202 ; free virtual = 30252

Phase 1.2 IO Placement/ Clock Placement/ Build Placer Device
INFO: [Timing 38-35] Done setting XDC timing constraints.
Phase 1.2 IO Placement/ Clock Placement/ Build Placer Device | Checksum: 22878f878

Time (s): cpu = 00:00:11 ; elapsed = 00:00:05 . Memory (MB): peak = 3725.273 ; gain = 0.000 ; free physical = 1205 ; free virtual = 30260

Phase 1.3 Build Placer Netlist Model
Phase 1.3 Build Placer Netlist Model | Checksum: 261d478bb

Time (s): cpu = 00:00:35 ; elapsed = 00:00:15 . Memory (MB): peak = 3725.273 ; gain = 0.000 ; free physical = 1211 ; free virtual = 30275

Phase 1.4 Constrain Clocks/Macros
Phase 1.4 Constrain Clocks/Macros | Checksum: 261d478bb

Time (s): cpu = 00:00:35 ; elapsed = 00:00:16 . Memory (MB): peak = 3725.273 ; gain = 0.000 ; free physical = 1207 ; free virtual = 30281
Phase 1 Placer Initialization | Checksum: 261d478bb

Time (s): cpu = 00:00:35 ; elapsed = 00:00:16 . Memory (MB): peak = 3725.273 ; gain = 0.000 ; free physical = 1200 ; free virtual = 30278

Phase 2 Global Placement

Phase 2.1 Floorplanning
Phase 2.1 Floorplanning | Checksum: 2b6f10beb

Time (s): cpu = 00:00:45 ; elapsed = 00:00:19 . Memory (MB): peak = 3725.273 ; gain = 0.000 ; free physical = 1190 ; free virtual = 30269

Phase 2.2 Update Timing before SLR Path Opt
Phase 2.2 Update Timing before SLR Path Opt | Checksum: 22dbdbd1e

Time (s): cpu = 00:00:53 ; elapsed = 00:00:21 . Memory (MB): peak = 3725.273 ; gain = 0.000 ; free physical = 1201 ; free virtual = 30281

Phase 2.3 Post-Processing in Floorplanning
Phase 2.3 Post-Processing in Floorplanning | Checksum: 22dbdbd1e

Time (s): cpu = 00:00:53 ; elapsed = 00:00:22 . Memory (MB): peak = 3725.273 ; gain = 0.000 ; free physical = 1194 ; free virtual = 30280

Phase 2.4 Global Place Phase1
Phase 2.4 Global Place Phase1 | Checksum: 286f7ce46

Time (s): cpu = 00:02:37 ; elapsed = 00:01:03 . Memory (MB): peak = 3725.273 ; gain = 0.000 ; free physical = 1210 ; free virtual = 30299

Phase 2.5 Global Place Phase2

Phase 2.5.1 UpdateTiming Before Physical Synthesis
Phase 2.5.1 UpdateTiming Before Physical Synthesis | Checksum: 1cb49a2a9

Time (s): cpu = 00:02:50 ; elapsed = 00:01:07 . Memory (MB): peak = 3725.273 ; gain = 0.000 ; free physical = 1203 ; free virtual = 30303

Phase 2.5.2 Physical Synthesis In Placer
INFO: [Physopt 32-1035] Found 413 LUTNM shape to break, 425 LUT instances to create LUTNM shape
INFO: [Physopt 32-1044] Break lutnm for timing: one critical 161, two critical 252, total 413, new lutff created 1
INFO: [Physopt 32-1138] End 1 Pass. Optimized 550 nets or LUTs. Breaked 413 LUTs, combined 137 existing LUTs and moved 0 existing LUT
INFO: [Physopt 32-1408] Pass 1. Identified 2 candidate nets for high-fanout optimization.
INFO: [Physopt 32-81] Processed net ram/rd_addr_reg_n_0_[1]. Replicated 49 times.
INFO: [Physopt 32-81] Processed net ram/rd_addr_reg_n_0_[0]. Replicated 49 times.
INFO: [Physopt 32-232] Optimized 2 nets. Created 98 new instances.
INFO: [Physopt 32-775] End 1 Pass. Optimized 2 nets or cells. Created 98 new cells, deleted 0 existing cell and moved 0 existing cell
Netlist sorting complete. Time (s): cpu = 00:00:00.55 ; elapsed = 00:00:00.54 . Memory (MB): peak = 3725.273 ; gain = 0.000 ; free physical = 1198 ; free virtual = 30315
INFO: [Physopt 32-456] No candidate cells for DSP register optimization found in the design.
INFO: [Physopt 32-775] End 2 Pass. Optimized 0 net or cell. Created 0 new cell, deleted 0 existing cell and moved 0 existing cell
INFO: [Physopt 32-1123] No candidate cells found for Shift Register to Pipeline optimization
INFO: [Physopt 32-775] End 2 Pass. Optimized 0 net or cell. Created 0 new cell, deleted 0 existing cell and moved 0 existing cell
INFO: [Physopt 32-1401] No candidate cells found for Shift Register optimization.
INFO: [Physopt 32-677] No candidate cells for Shift Register optimization found in the design
INFO: [Physopt 32-775] End 1 Pass. Optimized 0 net or cell. Created 0 new cell, deleted 0 existing cell and moved 0 existing cell
INFO: [Physopt 32-526] No candidate cells for BRAM register optimization found in the design
INFO: [Physopt 32-775] End 1 Pass. Optimized 0 net or cell. Created 0 new cell, deleted 0 existing cell and moved 0 existing cell
INFO: [Physopt 32-846] No candidate cells for URAM register optimization found in the design
INFO: [Physopt 32-775] End 1 Pass. Optimized 0 net or cell. Created 0 new cell, deleted 0 existing cell and moved 0 existing cell
INFO: [Physopt 32-846] No candidate cells for URAM register optimization found in the design
INFO: [Physopt 32-775] End 1 Pass. Optimized 0 net or cell. Created 0 new cell, deleted 0 existing cell and moved 0 existing cell
INFO: [Physopt 32-949] No candidate nets found for dynamic/static region interface net replication
INFO: [Physopt 32-775] End 1 Pass. Optimized 0 net or cell. Created 0 new cell, deleted 0 existing cell and moved 0 existing cell
Netlist sorting complete. Time (s): cpu = 00:00:00.03 ; elapsed = 00:00:00.03 . Memory (MB): peak = 3725.273 ; gain = 0.000 ; free physical = 1168 ; free virtual = 30307
INFO: [Physopt 32-76] Pass 1. Identified 2 candidate nets for fanout optimization.
INFO: [Physopt 32-81] Processed net cpu/picorv32_core/mem_addr_reg[11]_0[0]. Replicated 9 times.
INFO: [Physopt 32-81] Processed net cpu/picorv32_core/mem_addr_reg[11]_0[1]. Replicated 9 times.
INFO: [Physopt 32-232] Optimized 2 nets. Created 18 new instances.
INFO: [Physopt 32-775] End 1 Pass. Optimized 2 nets or cells. Created 18 new cells, deleted 0 existing cell and moved 0 existing cell
Netlist sorting complete. Time (s): cpu = 00:00:00.69 ; elapsed = 00:00:00.68 . Memory (MB): peak = 3725.273 ; gain = 0.000 ; free physical = 1167 ; free virtual = 30307
Netlist sorting complete. Time (s): cpu = 00:00:00.03 ; elapsed = 00:00:00.03 . Memory (MB): peak = 3725.273 ; gain = 0.000 ; free physical = 1171 ; free virtual = 30299

Summary of Physical Synthesis Optimizations
============================================


-----------------------------------------------------------------------------------------------------------------------------------------------------------
|  Optimization                                     |  Added Cells  |  Removed Cells  |  Optimized Cells/Nets  |  Dont Touch  |  Iterations  |  Elapsed   |
-----------------------------------------------------------------------------------------------------------------------------------------------------------
|  LUT Combining                                    |          413  |            137  |                   550  |           0  |           1  |  00:00:02  |
|  Retime                                           |            0  |              0  |                     0  |           0  |           1  |  00:00:00  |
|  Very High Fanout                                 |           98  |              0  |                     2  |           0  |           1  |  00:00:08  |
|  DSP Register                                     |            0  |              0  |                     0  |           0  |           1  |  00:00:00  |
|  Shift Register to Pipeline                       |            0  |              0  |                     0  |           0  |           1  |  00:00:00  |
|  Shift Register                                   |            0  |              0  |                     0  |           0  |           1  |  00:00:00  |
|  BRAM Register                                    |            0  |              0  |                     0  |           0  |           1  |  00:00:00  |
|  URAM Register                                    |            0  |              0  |                     0  |           0  |           1  |  00:00:00  |
|  Dynamic/Static Region Interface Net Replication  |            0  |              0  |                     0  |           0  |           1  |  00:00:00  |
|  Fanout                                           |           18  |              0  |                     2  |           0  |           1  |  00:00:01  |
|  Total                                            |          529  |            137  |                   554  |           0  |          10  |  00:00:12  |
-----------------------------------------------------------------------------------------------------------------------------------------------------------


Phase 2.5.2 Physical Synthesis In Placer | Checksum: 2805ff754

Time (s): cpu = 00:03:13 ; elapsed = 00:01:24 . Memory (MB): peak = 3725.273 ; gain = 0.000 ; free physical = 1160 ; free virtual = 30293
Phase 2.5 Global Place Phase2 | Checksum: 28f36092b

Time (s): cpu = 00:03:39 ; elapsed = 00:01:34 . Memory (MB): peak = 3725.273 ; gain = 0.000 ; free physical = 1165 ; free virtual = 30290
Phase 2 Global Placement | Checksum: 28f36092b

Time (s): cpu = 00:03:39 ; elapsed = 00:01:34 . Memory (MB): peak = 3725.273 ; gain = 0.000 ; free physical = 1156 ; free virtual = 30288

Phase 3 Detail Placement

Phase 3.1 Commit Multi Column Macros
Phase 3.1 Commit Multi Column Macros | Checksum: 1f411a5ae

Time (s): cpu = 00:03:50 ; elapsed = 00:01:37 . Memory (MB): peak = 3725.273 ; gain = 0.000 ; free physical = 1142 ; free virtual = 30281

Phase 3.2 Commit Most Macros & LUTRAMs
Phase 3.2 Commit Most Macros & LUTRAMs | Checksum: 2202dfc19

Time (s): cpu = 00:04:04 ; elapsed = 00:01:41 . Memory (MB): peak = 3725.273 ; gain = 0.000 ; free physical = 1130 ; free virtual = 30271

Phase 3.3 Area Swap Optimization
Phase 3.3 Area Swap Optimization | Checksum: 2c77e5ba4

Time (s): cpu = 00:04:07 ; elapsed = 00:01:43 . Memory (MB): peak = 3725.273 ; gain = 0.000 ; free physical = 1095 ; free virtual = 30251

Phase 3.4 Pipeline Register Optimization
Phase 3.4 Pipeline Register Optimization | Checksum: 258d82063

Time (s): cpu = 00:04:07 ; elapsed = 00:01:43 . Memory (MB): peak = 3725.273 ; gain = 0.000 ; free physical = 1092 ; free virtual = 30255

Phase 3.5 Fast Optimization
Phase 3.5 Fast Optimization | Checksum: 23623468b

Time (s): cpu = 00:04:35 ; elapsed = 00:01:55 . Memory (MB): peak = 3725.273 ; gain = 0.000 ; free physical = 1116 ; free virtual = 30266

Phase 3.6 Small Shape Detail Placement
Phase 3.6 Small Shape Detail Placement | Checksum: 27deb28fb

Time (s): cpu = 00:05:32 ; elapsed = 00:02:49 . Memory (MB): peak = 3725.273 ; gain = 0.000 ; free physical = 1043 ; free virtual = 30218

Phase 3.7 Re-assign LUT pins
Phase 3.7 Re-assign LUT pins | Checksum: 1e33f86f9

Time (s): cpu = 00:05:36 ; elapsed = 00:02:52 . Memory (MB): peak = 3725.273 ; gain = 0.000 ; free physical = 1069 ; free virtual = 30245

Phase 3.8 Pipeline Register Optimization
Phase 3.8 Pipeline Register Optimization | Checksum: 20da68a2d

Time (s): cpu = 00:05:37 ; elapsed = 00:02:52 . Memory (MB): peak = 3725.273 ; gain = 0.000 ; free physical = 1059 ; free virtual = 30242

Phase 3.9 Fast Optimization
Phase 3.9 Fast Optimization | Checksum: 2992a14d3

Time (s): cpu = 00:06:23 ; elapsed = 00:03:10 . Memory (MB): peak = 3725.273 ; gain = 0.000 ; free physical = 1056 ; free virtual = 30245
Phase 3 Detail Placement | Checksum: 2992a14d3

Time (s): cpu = 00:06:23 ; elapsed = 00:03:10 . Memory (MB): peak = 3725.273 ; gain = 0.000 ; free physical = 1052 ; free virtual = 30246

Phase 4 Post Placement Optimization and Clean-Up

Phase 4.1 Post Commit Optimization
INFO: [Timing 38-35] Done setting XDC timing constraints.

Phase 4.1.1 Post Placement Optimization
Post Placement Optimization Initialization | Checksum: 30d911bf2

Phase 4.1.1.1 BUFG Insertion

Starting Physical Synthesis Task

Phase 1 Physical Synthesis Initialization
INFO: [Physopt 32-721] Multithreading enabled for phys_opt_design using a maximum of 6 CPUs
INFO: [Physopt 32-619] Estimated Timing Summary | WNS=-2.355 | TNS=-271.431 |
Phase 1 Physical Synthesis Initialization | Checksum: 256fa4dce

Time (s): cpu = 00:00:03 ; elapsed = 00:00:00.89 . Memory (MB): peak = 3725.273 ; gain = 0.000 ; free physical = 1055 ; free virtual = 30253
INFO: [Place 46-33] Processed net ram/rst_n, BUFG insertion was skipped due to placement/routing conflicts.
INFO: [Place 46-56] BUFG insertion identified 1 candidate nets. Inserted BUFG: 0, Replicated BUFG Driver: 0, Skipped due to Placement/Routing Conflicts: 1, Skipped due to Timing Degradation: 0, Skipped due to netlist editing failed: 0.
Ending Physical Synthesis Task | Checksum: 325d6c05c

Time (s): cpu = 00:00:05 ; elapsed = 00:00:02 . Memory (MB): peak = 3725.273 ; gain = 0.000 ; free physical = 1054 ; free virtual = 30253
Phase 4.1.1.1 BUFG Insertion | Checksum: 30d911bf2

Time (s): cpu = 00:06:58 ; elapsed = 00:03:21 . Memory (MB): peak = 3725.273 ; gain = 0.000 ; free physical = 1048 ; free virtual = 30248

Phase 4.1.1.2 Post Placement Timing Optimization
INFO: [Place 30-746] Post Placement Timing Summary WNS=-0.976. For the most accurate timing information please run report_timing.
Phase 4.1.1.2 Post Placement Timing Optimization | Checksum: 1f3a65417

Time (s): cpu = 00:08:37 ; elapsed = 00:04:53 . Memory (MB): peak = 3725.273 ; gain = 0.000 ; free physical = 926 ; free virtual = 30198

Time (s): cpu = 00:08:37 ; elapsed = 00:04:53 . Memory (MB): peak = 3725.273 ; gain = 0.000 ; free physical = 926 ; free virtual = 30198
Phase 4.1 Post Commit Optimization | Checksum: 1f3a65417

Time (s): cpu = 00:08:38 ; elapsed = 00:04:54 . Memory (MB): peak = 3725.273 ; gain = 0.000 ; free physical = 922 ; free virtual = 30197

Phase 4.2 Post Placement Cleanup
Phase 4.2 Post Placement Cleanup | Checksum: 1f3a65417

Time (s): cpu = 00:08:40 ; elapsed = 00:04:54 . Memory (MB): peak = 3725.273 ; gain = 0.000 ; free physical = 919 ; free virtual = 30200

Phase 4.3 Placer Reporting

Phase 4.3.1 Print Estimated Congestion
INFO: [Place 30-612] Post-Placement Estimated Congestion 
 ____________________________________________________
|           | Global Congestion | Short Congestion  |
| Direction | Region Size       | Region Size       |
|___________|___________________|___________________|
|      North|                4x4|                8x8|
|___________|___________________|___________________|
|      South|                8x8|                8x8|
|___________|___________________|___________________|
|       East|                1x1|                4x4|
|___________|___________________|___________________|
|       West|                1x1|                4x4|
|___________|___________________|___________________|

Phase 4.3.1 Print Estimated Congestion | Checksum: 1f3a65417

Time (s): cpu = 00:08:41 ; elapsed = 00:04:55 . Memory (MB): peak = 3725.273 ; gain = 0.000 ; free physical = 914 ; free virtual = 30201
Phase 4.3 Placer Reporting | Checksum: 1f3a65417

Time (s): cpu = 00:08:42 ; elapsed = 00:04:55 . Memory (MB): peak = 3725.273 ; gain = 0.000 ; free physical = 905 ; free virtual = 30202

Phase 4.4 Final Placement Cleanup
Netlist sorting complete. Time (s): cpu = 00:00:00.25 ; elapsed = 00:00:00.25 . Memory (MB): peak = 3725.273 ; gain = 0.000 ; free physical = 914 ; free virtual = 30198

Time (s): cpu = 00:08:42 ; elapsed = 00:04:55 . Memory (MB): peak = 3725.273 ; gain = 0.000 ; free physical = 914 ; free virtual = 30198
Phase 4 Post Placement Optimization and Clean-Up | Checksum: 19631e33f

Time (s): cpu = 00:08:43 ; elapsed = 00:04:56 . Memory (MB): peak = 3725.273 ; gain = 0.000 ; free physical = 914 ; free virtual = 30198
Ending Placer Task | Checksum: 18c2ffa1c

Time (s): cpu = 00:08:44 ; elapsed = 00:04:56 . Memory (MB): peak = 3725.273 ; gain = 0.000 ; free physical = 910 ; free virtual = 30196
45 Infos, 0 Warnings, 0 Critical Warnings and 0 Errors encountered.
place_design completed successfully
place_design: Time (s): cpu = 00:08:55 ; elapsed = 00:04:59 . Memory (MB): peak = 3725.273 ; gain = 0.000 ; free physical = 915 ; free virtual = 30198
# write_checkpoint -force $dir_out/post_place.dcp
INFO: [Timing 38-480] Writing timing data to binary archive.
Write ShapeDB Complete: Time (s): cpu = 00:00:00.74 ; elapsed = 00:00:00.16 . Memory (MB): peak = 3725.273 ; gain = 0.000 ; free physical = 914 ; free virtual = 30205
Wrote PlaceDB: Time (s): cpu = 00:00:10 ; elapsed = 00:00:05 . Memory (MB): peak = 3725.273 ; gain = 0.000 ; free physical = 881 ; free virtual = 30212
Wrote PulsedLatchDB: Time (s): cpu = 00:00:00 ; elapsed = 00:00:00 . Memory (MB): peak = 3725.273 ; gain = 0.000 ; free physical = 881 ; free virtual = 30212
Writing XDEF routing.
Writing XDEF routing logical nets.
Writing XDEF routing special nets.
Wrote RouteStorage: Time (s): cpu = 00:00:00.03 ; elapsed = 00:00:00.02 . Memory (MB): peak = 3725.273 ; gain = 0.000 ; free physical = 878 ; free virtual = 30211
Wrote Netlist Cache: Time (s): cpu = 00:00:00.12 ; elapsed = 00:00:00.13 . Memory (MB): peak = 3725.273 ; gain = 0.000 ; free physical = 864 ; free virtual = 30207
Wrote Device Cache: Time (s): cpu = 00:00:00.01 ; elapsed = 00:00:00.01 . Memory (MB): peak = 3725.273 ; gain = 0.000 ; free physical = 863 ; free virtual = 30206
Write Physdb Complete: Time (s): cpu = 00:00:10 ; elapsed = 00:00:05 . Memory (MB): peak = 3725.273 ; gain = 0.000 ; free physical = 851 ; free virtual = 30198
INFO: [Common 17-1381] The checkpoint '/home/abid/Github/picorv32_learn/viv/out/post_place.dcp' has been generated.
write_checkpoint: Time (s): cpu = 00:00:21 ; elapsed = 00:00:16 . Memory (MB): peak = 3725.273 ; gain = 0.000 ; free physical = 661 ; free virtual = 29987
# report_timing -file $path_report/timing_place.rpt
INFO: [Timing 38-91] UpdateTimingParams: Speed grade: -1, Delay Type: max.
INFO: [Timing 38-191] Multithreading enabled for timing update using a maximum of 6 CPUs
INFO: [Timing 38-78] ReportTimingParams: -max_paths 1 -nworst 1 -delay_type max -sort_by slack.
report_timing: Time (s): cpu = 00:00:29 ; elapsed = 00:00:07 . Memory (MB): peak = 3725.273 ; gain = 0.000 ; free physical = 665 ; free virtual = 29997
# phys_opt_design
Command: phys_opt_design
Attempting to get a license for feature 'Implementation' and/or device 'xc7a100t'
INFO: [Common 17-349] Got license for feature 'Implementation' and/or device 'xc7a100t'
INFO: [Vivado_Tcl 4-1435] PhysOpt_Tcl_Interface Runtime Before Starting Physical Synthesis Task | CPU: 0.82s |  WALL: 0.82s
Netlist sorting complete. Time (s): cpu = 00:00:00.03 ; elapsed = 00:00:00.03 . Memory (MB): peak = 3725.273 ; gain = 0.000 ; free physical = 664 ; free virtual = 30000

Starting Physical Synthesis Task

Phase 1 Physical Synthesis Initialization
INFO: [Physopt 32-721] Multithreading enabled for phys_opt_design using a maximum of 6 CPUs
INFO: [Physopt 32-619] Estimated Timing Summary | WNS=-0.976 | TNS=-126.475 |
Phase 1 Physical Synthesis Initialization | Checksum: 22280014b

Time (s): cpu = 00:00:28 ; elapsed = 00:00:07 . Memory (MB): peak = 3725.273 ; gain = 0.000 ; free physical = 660 ; free virtual = 30003
INFO: [Physopt 32-619] Estimated Timing Summary | WNS=-0.976 | TNS=-126.475 |

Phase 2 DSP Register Optimization
INFO: [Physopt 32-456] No candidate cells for DSP register optimization found in the design.
INFO: [Physopt 32-775] End 2 Pass. Optimized 0 net or cell. Created 0 new cell, deleted 0 existing cell and moved 0 existing cell
Phase 2 DSP Register Optimization | Checksum: 22280014b

Time (s): cpu = 00:00:29 ; elapsed = 00:00:08 . Memory (MB): peak = 3725.273 ; gain = 0.000 ; free physical = 655 ; free virtual = 30005

Phase 3 Critical Path Optimization
INFO: [Physopt 32-619] Estimated Timing Summary | WNS=-0.976 | TNS=-126.475 |
INFO: [Physopt 32-702] Processed net cpu/picorv32_core/reg_out_reg_n_0_[9]. Optimizations did not improve timing on the net.
INFO: [Physopt 32-81] Processed net ram/rd_addr_reg[2]_rep__31_n_0. Replicated 10 times.
INFO: [Physopt 32-735] Processed net ram/rd_addr_reg[2]_rep__31_n_0. Optimization improves timing on the net.
INFO: [Physopt 32-619] Estimated Timing Summary | WNS=-0.934 | TNS=-124.427 |
INFO: [Physopt 32-702] Processed net ram/mem_reg_n_0_[644][23]. Optimizations did not improve timing on the net.
INFO: [Physopt 32-710] Processed net cpu/picorv32_core/pcpi_mul/D[9]. Critical path length was reduced through logic transformation on cell cpu/picorv32_core/pcpi_mul/reg_out[9]_i_1_comp.
INFO: [Physopt 32-735] Processed net interconnect/latched_is_lb_reg. Optimization improves timing on the net.
INFO: [Physopt 32-619] Estimated Timing Summary | WNS=-0.903 | TNS=-124.476 |
INFO: [Physopt 32-702] Processed net cpu/picorv32_core/reg_out_reg_n_0_[14]. Optimizations did not improve timing on the net.
INFO: [Physopt 32-81] Processed net ram/rd_addr_reg[2]_rep__0_n_0. Replicated 8 times.
INFO: [Physopt 32-735] Processed net ram/rd_addr_reg[2]_rep__0_n_0. Optimization improves timing on the net.
INFO: [Physopt 32-619] Estimated Timing Summary | WNS=-0.900 | TNS=-124.416 |
INFO: [Physopt 32-702] Processed net cpu/picorv32_core/reg_out_reg_n_0_[10]. Optimizations did not improve timing on the net.
INFO: [Physopt 32-702] Processed net interconnect/latched_is_lb_reg. Optimizations did not improve timing on the net.
INFO: [Physopt 32-81] Processed net interconnect/reg_op1_reg[1]. Replicated 2 times.
INFO: [Physopt 32-735] Processed net interconnect/reg_op1_reg[1]. Optimization improves timing on the net.
INFO: [Physopt 32-619] Estimated Timing Summary | WNS=-0.886 | TNS=-123.857 |
INFO: [Physopt 32-81] Processed net ram/rd_addr_reg[3]_rep__1_n_0. Replicated 10 times.
INFO: [Physopt 32-735] Processed net ram/rd_addr_reg[3]_rep__1_n_0. Optimization improves timing on the net.
INFO: [Physopt 32-619] Estimated Timing Summary | WNS=-0.873 | TNS=-122.707 |
INFO: [Physopt 32-702] Processed net cpu/picorv32_core/reg_out_reg_n_0_[0]. Optimizations did not improve timing on the net.
INFO: [Physopt 32-81] Processed net ram/rd_addr_reg_n_0_[2]. Replicated 10 times.
INFO: [Physopt 32-735] Processed net ram/rd_addr_reg_n_0_[2]. Optimization improves timing on the net.
INFO: [Physopt 32-619] Estimated Timing Summary | WNS=-0.871 | TNS=-122.153 |
INFO: [Physopt 32-81] Processed net ram/rd_addr_reg[2]_rep__29_n_0. Replicated 10 times.
INFO: [Physopt 32-735] Processed net ram/rd_addr_reg[2]_rep__29_n_0. Optimization improves timing on the net.
INFO: [Physopt 32-619] Estimated Timing Summary | WNS=-0.869 | TNS=-122.076 |
INFO: [Physopt 32-702] Processed net cpu/picorv32_core/reg_out_reg_n_0_[3]. Optimizations did not improve timing on the net.
INFO: [Physopt 32-81] Processed net ram/rd_addr_reg[3]_rep__7_n_0. Replicated 10 times.
INFO: [Physopt 32-735] Processed net ram/rd_addr_reg[3]_rep__7_n_0. Optimization improves timing on the net.
INFO: [Physopt 32-619] Estimated Timing Summary | WNS=-0.863 | TNS=-121.971 |
INFO: [Physopt 32-702] Processed net cpu/picorv32_core/reg_out_reg_n_0_[4]. Optimizations did not improve timing on the net.
INFO: [Physopt 32-81] Processed net ram/rd_addr_reg[2]_rep__12_n_0. Replicated 5 times.
INFO: [Physopt 32-735] Processed net ram/rd_addr_reg[2]_rep__12_n_0. Optimization improves timing on the net.
INFO: [Physopt 32-619] Estimated Timing Summary | WNS=-0.860 | TNS=-121.421 |
INFO: [Physopt 32-702] Processed net cpu/picorv32_core/is_sb_sh_sw. Optimizations did not improve timing on the net.
INFO: [Physopt 32-81] Processed net ram/rd_addr_reg[2]_rep__21_n_0. Replicated 7 times.
INFO: [Physopt 32-735] Processed net ram/rd_addr_reg[2]_rep__21_n_0. Optimization improves timing on the net.
INFO: [Physopt 32-619] Estimated Timing Summary | WNS=-0.859 | TNS=-120.596 |
INFO: [Physopt 32-702] Processed net cpu/picorv32_core/reg_out_reg_n_0_[18]. Optimizations did not improve timing on the net.
INFO: [Physopt 32-81] Processed net ram/rd_addr_reg[2]_rep__14_n_0. Replicated 8 times.
INFO: [Physopt 32-735] Processed net ram/rd_addr_reg[2]_rep__14_n_0. Optimization improves timing on the net.
INFO: [Physopt 32-619] Estimated Timing Summary | WNS=-0.858 | TNS=-120.225 |
INFO: [Physopt 32-81] Processed net ram/rd_addr_reg_n_0_[0]_repN_46. Replicated 3 times.
INFO: [Physopt 32-735] Processed net ram/rd_addr_reg_n_0_[0]_repN_46. Optimization improves timing on the net.
INFO: [Physopt 32-619] Estimated Timing Summary | WNS=-0.858 | TNS=-119.969 |
INFO: [Physopt 32-702] Processed net cpu/picorv32_core/reg_out_reg_n_0_[13]. Optimizations did not improve timing on the net.
INFO: [Physopt 32-81] Processed net ram/rd_addr_reg[2]_rep__5_n_0. Replicated 10 times.
INFO: [Physopt 32-735] Processed net ram/rd_addr_reg[2]_rep__5_n_0. Optimization improves timing on the net.
INFO: [Physopt 32-619] Estimated Timing Summary | WNS=-0.856 | TNS=-119.817 |
INFO: [Physopt 32-702] Processed net cpu/picorv32_core/reg_out_reg_n_0_[2]. Optimizations did not improve timing on the net.
INFO: [Physopt 32-81] Processed net ram/rd_addr_reg[2]_rep__23_n_0. Replicated 10 times.
INFO: [Physopt 32-735] Processed net ram/rd_addr_reg[2]_rep__23_n_0. Optimization improves timing on the net.
INFO: [Physopt 32-619] Estimated Timing Summary | WNS=-0.856 | TNS=-119.720 |
INFO: [Physopt 32-702] Processed net cpu/picorv32_core/reg_out_reg_n_0_[6]. Optimizations did not improve timing on the net.
INFO: [Physopt 32-81] Processed net ram/rd_addr_reg[3]_rep__3_n_0. Replicated 9 times.
INFO: [Physopt 32-735] Processed net ram/rd_addr_reg[3]_rep__3_n_0. Optimization improves timing on the net.
INFO: [Physopt 32-619] Estimated Timing Summary | WNS=-0.854 | TNS=-119.627 |
INFO: [Physopt 32-702] Processed net cpu/picorv32_core/reg_out_reg_n_0_[0]. Optimizations did not improve timing on the net.
INFO: [Physopt 32-663] Processed net ram/rd_addr_reg[2]_rep__8_n_0.  Re-placed instance ram/rd_addr_reg[2]_rep__8
INFO: [Physopt 32-735] Processed net ram/rd_addr_reg[2]_rep__8_n_0. Optimization improves timing on the net.
INFO: [Physopt 32-619] Estimated Timing Summary | WNS=-0.852 | TNS=-119.615 |
INFO: [Physopt 32-702] Processed net cpu/picorv32_core/reg_out_reg_n_0_[1]. Optimizations did not improve timing on the net.
INFO: [Physopt 32-702] Processed net ram/rd_addr_reg[2]_rep__22_n_0. Optimizations did not improve timing on the net.
INFO: [Physopt 32-608] Optimized 1 net.  Swapped 22 pins.
INFO: [Physopt 32-735] Processed net cpu/picorv32_core/reg_out[1]_i_4_n_0. Optimization improves timing on the net.
INFO: [Physopt 32-619] Estimated Timing Summary | WNS=-0.850 | TNS=-119.566 |
INFO: [Physopt 32-702] Processed net cpu/picorv32_core/reg_out_reg_n_0_[5]. Optimizations did not improve timing on the net.
INFO: [Physopt 32-663] Processed net ram/rd_addr_reg[3]_rep__4_n_0.  Re-placed instance ram/rd_addr_reg[3]_rep__4
INFO: [Physopt 32-735] Processed net ram/rd_addr_reg[3]_rep__4_n_0. Optimization improves timing on the net.
INFO: [Physopt 32-619] Estimated Timing Summary | WNS=-0.847 | TNS=-119.428 |
INFO: [Physopt 32-702] Processed net cpu/picorv32_core/reg_out_reg_n_0_[6]. Optimizations did not improve timing on the net.
INFO: [Physopt 32-702] Processed net ram/rd_addr_reg[2]_rep__11_n_0. Optimizations did not improve timing on the net.
INFO: [Physopt 32-608] Optimized 1 net.  Swapped 24 pins.
INFO: [Physopt 32-735] Processed net cpu/picorv32_core/reg_out[6]_i_4_n_0. Optimization improves timing on the net.
INFO: [Physopt 32-619] Estimated Timing Summary | WNS=-0.842 | TNS=-119.189 |
INFO: [Physopt 32-663] Processed net ram/rd_addr_reg[3]_rep__9_n_0.  Re-placed instance ram/rd_addr_reg[3]_rep__9
INFO: [Physopt 32-735] Processed net ram/rd_addr_reg[3]_rep__9_n_0. Optimization improves timing on the net.
INFO: [Physopt 32-619] Estimated Timing Summary | WNS=-0.839 | TNS=-119.171 |
INFO: [Physopt 32-702] Processed net cpu/picorv32_core/is_beq_bne_blt_bge_bltu_bgeu. Optimizations did not improve timing on the net.
INFO: [Physopt 32-663] Processed net ram/rd_addr_reg[2]_rep__30_n_0.  Re-placed instance ram/rd_addr_reg[2]_rep__30
INFO: [Physopt 32-735] Processed net ram/rd_addr_reg[2]_rep__30_n_0. Optimization improves timing on the net.
INFO: [Physopt 32-619] Estimated Timing Summary | WNS=-0.837 | TNS=-119.145 |
INFO: [Physopt 32-702] Processed net cpu/picorv32_core/reg_out_reg_n_0_[9]. Optimizations did not improve timing on the net.
INFO: [Physopt 32-663] Processed net ram/rd_addr_reg[2]_rep__10_n_0.  Re-placed instance ram/rd_addr_reg[2]_rep__10
INFO: [Physopt 32-735] Processed net ram/rd_addr_reg[2]_rep__10_n_0. Optimization improves timing on the net.
INFO: [Physopt 32-619] Estimated Timing Summary | WNS=-0.835 | TNS=-119.133 |
INFO: [Physopt 32-702] Processed net ram/mem_reg_n_0_[644][23]. Optimizations did not improve timing on the net.
INFO: [Physopt 32-663] Processed net interconnect/latched_is_lb_reg_repN_1.  Re-placed instance interconnect/reg_out[31]_i_6_comp_1
INFO: [Physopt 32-735] Processed net interconnect/latched_is_lb_reg_repN_1. Optimization improves timing on the net.
INFO: [Physopt 32-619] Estimated Timing Summary | WNS=-0.832 | TNS=-119.130 |
INFO: [Physopt 32-702] Processed net interconnect/latched_is_lb_reg_repN_1. Optimizations did not improve timing on the net.
INFO: [Physopt 32-608] Optimized 1 net.  Swapped 22 pins.
INFO: [Physopt 32-735] Processed net interconnect/reg_out[31]_i_11_n_0. Optimization improves timing on the net.
INFO: [Physopt 32-619] Estimated Timing Summary | WNS=-0.832 | TNS=-119.000 |
INFO: [Physopt 32-663] Processed net ram/rd_addr_reg_n_0_[3].  Re-placed instance ram/rd_addr_reg[3]
INFO: [Physopt 32-735] Processed net ram/rd_addr_reg_n_0_[3]. Optimization improves timing on the net.
INFO: [Physopt 32-619] Estimated Timing Summary | WNS=-0.828 | TNS=-118.817 |
INFO: [Physopt 32-663] Processed net ram/rd_addr_reg_n_0_[0]_repN_7.  Re-placed instance ram/rd_addr_reg[0]_replica_7
INFO: [Physopt 32-735] Processed net ram/rd_addr_reg_n_0_[0]_repN_7. Optimization improves timing on the net.
INFO: [Physopt 32-619] Estimated Timing Summary | WNS=-0.824 | TNS=-118.802 |
INFO: [Physopt 32-663] Processed net ram/mem_reg_n_0_[35][16].  Re-placed instance ram/mem_reg[35][16]
INFO: [Physopt 32-735] Processed net ram/mem_reg_n_0_[35][16]. Optimization improves timing on the net.
INFO: [Physopt 32-619] Estimated Timing Summary | WNS=-0.822 | TNS=-118.942 |
INFO: [Physopt 32-702] Processed net cpu/picorv32_core/reg_out_reg_n_0_[3]. Optimizations did not improve timing on the net.
INFO: [Physopt 32-702] Processed net ram/rd_addr_reg[2]_rep__27_n_0. Optimizations did not improve timing on the net.
INFO: [Physopt 32-608] Optimized 1 net.  Swapped 22 pins.
INFO: [Physopt 32-735] Processed net cpu/picorv32_core/reg_out[3]_i_4_n_0. Optimization improves timing on the net.
INFO: [Physopt 32-619] Estimated Timing Summary | WNS=-0.817 | TNS=-118.910 |
INFO: [Physopt 32-663] Processed net ram/mem_reg_n_0_[36][16].  Re-placed instance ram/mem_reg[36][16]
INFO: [Physopt 32-735] Processed net ram/mem_reg_n_0_[36][16]. Optimization improves timing on the net.
INFO: [Physopt 32-619] Estimated Timing Summary | WNS=-0.813 | TNS=-118.946 |
INFO: [Physopt 32-663] Processed net ram/rd_addr_reg[3]_rep__2_n_0.  Re-placed instance ram/rd_addr_reg[3]_rep__2
INFO: [Physopt 32-735] Processed net ram/rd_addr_reg[3]_rep__2_n_0. Optimization improves timing on the net.
INFO: [Physopt 32-619] Estimated Timing Summary | WNS=-0.813 | TNS=-118.942 |
INFO: [Physopt 32-663] Processed net ram/rd_addr_reg[2]_rep__18_n_0.  Re-placed instance ram/rd_addr_reg[2]_rep__18
INFO: [Physopt 32-735] Processed net ram/rd_addr_reg[2]_rep__18_n_0. Optimization improves timing on the net.
INFO: [Physopt 32-619] Estimated Timing Summary | WNS=-0.809 | TNS=-118.799 |
INFO: [Physopt 32-663] Processed net ram/rd_addr_reg_n_0_[1]_repN_3.  Re-placed instance ram/rd_addr_reg[1]_replica_3
INFO: [Physopt 32-735] Processed net ram/rd_addr_reg_n_0_[1]_repN_3. Optimization improves timing on the net.
INFO: [Physopt 32-619] Estimated Timing Summary | WNS=-0.806 | TNS=-118.785 |
INFO: [Physopt 32-702] Processed net cpu/picorv32_core/reg_out_reg_n_0_[11]. Optimizations did not improve timing on the net.
INFO: [Physopt 32-663] Processed net ram/rd_addr_reg[2]_rep__9_n_0.  Re-placed instance ram/rd_addr_reg[2]_rep__9
INFO: [Physopt 32-735] Processed net ram/rd_addr_reg[2]_rep__9_n_0. Optimization improves timing on the net.
INFO: [Physopt 32-619] Estimated Timing Summary | WNS=-0.806 | TNS=-118.672 |
INFO: [Physopt 32-702] Processed net cpu/picorv32_core/reg_out_reg_n_0_[13]. Optimizations did not improve timing on the net.
INFO: [Physopt 32-702] Processed net ram/rd_addr_reg[2]_rep__25_n_0. Optimizations did not improve timing on the net.
INFO: [Physopt 32-608] Optimized 1 net.  Swapped 23 pins.
INFO: [Physopt 32-735] Processed net cpu/picorv32_core/reg_out[13]_i_4_n_0. Optimization improves timing on the net.
INFO: [Physopt 32-619] Estimated Timing Summary | WNS=-0.804 | TNS=-118.644 |
INFO: [Physopt 32-663] Processed net ram/rd_addr_reg[2]_rep__7_n_0.  Re-placed instance ram/rd_addr_reg[2]_rep__7
INFO: [Physopt 32-735] Processed net ram/rd_addr_reg[2]_rep__7_n_0. Optimization improves timing on the net.
INFO: [Physopt 32-619] Estimated Timing Summary | WNS=-0.803 | TNS=-118.425 |
INFO: [Physopt 32-608] Optimized 1 net.  Swapped 22 pins.
INFO: [Physopt 32-735] Processed net cpu/picorv32_core/reg_out[1]_i_4_n_0. Optimization improves timing on the net.
INFO: [Physopt 32-619] Estimated Timing Summary | WNS=-0.803 | TNS=-118.407 |
INFO: [Physopt 32-663] Processed net ram/mem_reg_n_0_[98][24].  Re-placed instance ram/mem_reg[98][24]
INFO: [Physopt 32-735] Processed net ram/mem_reg_n_0_[98][24]. Optimization improves timing on the net.
INFO: [Physopt 32-619] Estimated Timing Summary | WNS=-0.803 | TNS=-117.604 |
INFO: [Physopt 32-619] Estimated Timing Summary | WNS=-0.803 | TNS=-117.604 |
Netlist sorting complete. Time (s): cpu = 00:00:00.78 ; elapsed = 00:00:00.67 . Memory (MB): peak = 3725.273 ; gain = 0.000 ; free physical = 621 ; free virtual = 29984
Phase 3 Critical Path Optimization | Checksum: b48b4a40

Time (s): cpu = 00:03:33 ; elapsed = 00:01:12 . Memory (MB): peak = 3725.273 ; gain = 0.000 ; free physical = 621 ; free virtual = 29984

Phase 4 Critical Path Optimization
INFO: [Physopt 32-619] Estimated Timing Summary | WNS=-0.803 | TNS=-117.604 |
INFO: [Physopt 32-663] Processed net ram/mem_reg_n_0_[98][28].  Re-placed instance ram/mem_reg[98][28]
INFO: [Physopt 32-735] Processed net ram/mem_reg_n_0_[98][28]. Optimization improves timing on the net.
INFO: [Physopt 32-619] Estimated Timing Summary | WNS=-0.803 | TNS=-116.800 |
INFO: [Physopt 32-663] Processed net ram/mem_reg_n_0_[98][31].  Re-placed instance ram/mem_reg[98][31]
INFO: [Physopt 32-735] Processed net ram/mem_reg_n_0_[98][31]. Optimization improves timing on the net.
INFO: [Physopt 32-619] Estimated Timing Summary | WNS=-0.798 | TNS=-115.997 |
INFO: [Physopt 32-702] Processed net cpu/picorv32_core/reg_out_reg_n_0_[0]. Optimizations did not improve timing on the net.
INFO: [Physopt 32-81] Processed net ram/rd_addr_reg[3]_rep__9_n_0. Replicated 8 times.
INFO: [Physopt 32-735] Processed net ram/rd_addr_reg[3]_rep__9_n_0. Optimization improves timing on the net.
INFO: [Physopt 32-619] Estimated Timing Summary | WNS=-0.798 | TNS=-115.997 |
INFO: [Physopt 32-81] Processed net ram/rd_addr_reg[2]_rep__8_n_0. Replicated 8 times.
INFO: [Physopt 32-735] Processed net ram/rd_addr_reg[2]_rep__8_n_0. Optimization improves timing on the net.
INFO: [Physopt 32-619] Estimated Timing Summary | WNS=-0.795 | TNS=-115.991 |
INFO: [Physopt 32-702] Processed net cpu/picorv32_core/reg_out_reg_n_0_[9]. Optimizations did not improve timing on the net.
INFO: [Physopt 32-81] Processed net ram/rd_addr_reg_n_0_[3]. Replicated 10 times.
INFO: [Physopt 32-735] Processed net ram/rd_addr_reg_n_0_[3]. Optimization improves timing on the net.
INFO: [Physopt 32-619] Estimated Timing Summary | WNS=-0.792 | TNS=-115.928 |
INFO: [Physopt 32-663] Processed net ram/mem_reg_n_0_[32][16].  Re-placed instance ram/mem_reg[32][16]
INFO: [Physopt 32-735] Processed net ram/mem_reg_n_0_[32][16]. Optimization improves timing on the net.
INFO: [Physopt 32-619] Estimated Timing Summary | WNS=-0.790 | TNS=-116.366 |
INFO: [Physopt 32-702] Processed net cpu/picorv32_core/reg_out_reg_n_0_[3]. Optimizations did not improve timing on the net.
INFO: [Physopt 32-81] Processed net ram/rd_addr_reg[2]_rep__27_n_0. Replicated 8 times.
INFO: [Physopt 32-735] Processed net ram/rd_addr_reg[2]_rep__27_n_0. Optimization improves timing on the net.
INFO: [Physopt 32-619] Estimated Timing Summary | WNS=-0.789 | TNS=-115.796 |
INFO: [Physopt 32-81] Processed net ram/rd_addr_reg[2]_rep__10_n_0. Replicated 4 times.
INFO: [Physopt 32-735] Processed net ram/rd_addr_reg[2]_rep__10_n_0. Optimization improves timing on the net.
INFO: [Physopt 32-619] Estimated Timing Summary | WNS=-0.785 | TNS=-115.766 |
INFO: [Physopt 32-702] Processed net cpu/picorv32_core/reg_out_reg_n_0_[1]. Optimizations did not improve timing on the net.
INFO: [Physopt 32-81] Processed net ram/rd_addr_reg[2]_rep__22_n_0. Replicated 10 times.
INFO: [Physopt 32-735] Processed net ram/rd_addr_reg[2]_rep__22_n_0. Optimization improves timing on the net.
INFO: [Physopt 32-619] Estimated Timing Summary | WNS=-0.784 | TNS=-115.488 |
INFO: [Physopt 32-702] Processed net cpu/picorv32_core/reg_out_reg_n_0_[10]. Optimizations did not improve timing on the net.
INFO: [Physopt 32-702] Processed net ram/mem_reg_n_0_[644][23]. Optimizations did not improve timing on the net.
INFO: [Physopt 32-702] Processed net interconnect/latched_is_lb_reg. Optimizations did not improve timing on the net.
INFO: [Physopt 32-608] Optimized 1 net.  Swapped 22 pins.
INFO: [Physopt 32-735] Processed net interconnect/reg_op1_reg[1]. Optimization improves timing on the net.
INFO: [Physopt 32-619] Estimated Timing Summary | WNS=-0.779 | TNS=-113.836 |
INFO: [Physopt 32-81] Processed net ram/rd_addr_reg[2]_rep__13_n_0. Replicated 5 times.
INFO: [Physopt 32-735] Processed net ram/rd_addr_reg[2]_rep__13_n_0. Optimization improves timing on the net.
INFO: [Physopt 32-619] Estimated Timing Summary | WNS=-0.760 | TNS=-113.500 |
INFO: [Physopt 32-702] Processed net cpu/picorv32_core/is_beq_bne_blt_bge_bltu_bgeu. Optimizations did not improve timing on the net.
INFO: [Physopt 32-81] Processed net ram/rd_addr_reg[2]_rep__26_n_0. Replicated 2 times.
INFO: [Physopt 32-735] Processed net ram/rd_addr_reg[2]_rep__26_n_0. Optimization improves timing on the net.
INFO: [Physopt 32-619] Estimated Timing Summary | WNS=-0.759 | TNS=-113.487 |
INFO: [Physopt 32-702] Processed net ram/rd_addr_reg_n_0_[0]_repN_27. Optimizations did not improve timing on the net.
INFO: [Physopt 32-710] Processed net cpu/picorv32_core/is_beq_bne_blt_bge_bltu_bgeu_i_1_n_0. Critical path length was reduced through logic transformation on cell cpu/picorv32_core/is_beq_bne_blt_bge_bltu_bgeu_i_1_comp.
INFO: [Physopt 32-735] Processed net gpio/gpio/mem_rdata_q_reg[3]_0. Optimization improves timing on the net.
INFO: [Physopt 32-619] Estimated Timing Summary | WNS=-0.757 | TNS=-113.353 |
INFO: [Physopt 32-702] Processed net cpu/picorv32_core/reg_out_reg_n_0_[2]. Optimizations did not improve timing on the net.
INFO: [Physopt 32-81] Processed net ram/rd_addr_reg_n_0_[0]_repN_47. Replicated 2 times.
INFO: [Physopt 32-735] Processed net ram/rd_addr_reg_n_0_[0]_repN_47. Optimization improves timing on the net.
INFO: [Physopt 32-619] Estimated Timing Summary | WNS=-0.755 | TNS=-113.163 |
INFO: [Physopt 32-702] Processed net cpu/picorv32_core/reg_out_reg_n_0_[4]. Optimizations did not improve timing on the net.
INFO: [Physopt 32-81] Processed net ram/rd_addr_reg[2]_rep__4_n_0. Replicated 5 times.
INFO: [Physopt 32-735] Processed net ram/rd_addr_reg[2]_rep__4_n_0. Optimization improves timing on the net.
INFO: [Physopt 32-619] Estimated Timing Summary | WNS=-0.744 | TNS=-113.050 |
INFO: [Physopt 32-702] Processed net cpu/picorv32_core/reg_out_reg_n_0_[13]. Optimizations did not improve timing on the net.
INFO: [Physopt 32-81] Processed net ram/rd_addr_reg[2]_rep__16_n_0. Replicated 3 times.
INFO: [Physopt 32-735] Processed net ram/rd_addr_reg[2]_rep__16_n_0. Optimization improves timing on the net.
INFO: [Physopt 32-619] Estimated Timing Summary | WNS=-0.737 | TNS=-112.993 |
INFO: [Physopt 32-702] Processed net cpu/picorv32_core/reg_out_reg_n_0_[11]. Optimizations did not improve timing on the net.
INFO: [Physopt 32-81] Processed net ram/rd_addr_reg[2]_rep__9_n_0. Replicated 8 times.
INFO: [Physopt 32-735] Processed net ram/rd_addr_reg[2]_rep__9_n_0. Optimization improves timing on the net.
INFO: [Physopt 32-619] Estimated Timing Summary | WNS=-0.731 | TNS=-112.734 |
INFO: [Physopt 32-702] Processed net cpu/picorv32_core/reg_out_reg_n_0_[5]. Optimizations did not improve timing on the net.
INFO: [Physopt 32-81] Processed net ram/rd_addr_reg[2]_rep__7_n_0. Replicated 4 times.
INFO: [Physopt 32-735] Processed net ram/rd_addr_reg[2]_rep__7_n_0. Optimization improves timing on the net.
INFO: [Physopt 32-619] Estimated Timing Summary | WNS=-0.730 | TNS=-112.542 |
INFO: [Physopt 32-81] Processed net ram/rd_addr_reg[2]_rep_n_0. Replicated 4 times.
INFO: [Physopt 32-735] Processed net ram/rd_addr_reg[2]_rep_n_0. Optimization improves timing on the net.
INFO: [Physopt 32-619] Estimated Timing Summary | WNS=-0.730 | TNS=-112.504 |
INFO: [Physopt 32-663] Processed net ram/mem_reg_n_0_[928][0].  Re-placed instance ram/mem_reg[928][0]
INFO: [Physopt 32-735] Processed net ram/mem_reg_n_0_[928][0]. Optimization improves timing on the net.
INFO: [Physopt 32-619] Estimated Timing Summary | WNS=-0.730 | TNS=-111.773 |
INFO: [Physopt 32-663] Processed net ram/mem_reg_n_0_[928][1].  Re-placed instance ram/mem_reg[928][1]
INFO: [Physopt 32-735] Processed net ram/mem_reg_n_0_[928][1]. Optimization improves timing on the net.
INFO: [Physopt 32-619] Estimated Timing Summary | WNS=-0.730 | TNS=-111.043 |
INFO: [Physopt 32-663] Processed net ram/mem_reg_n_0_[928][5].  Re-placed instance ram/mem_reg[928][5]
INFO: [Physopt 32-735] Processed net ram/mem_reg_n_0_[928][5]. Optimization improves timing on the net.
INFO: [Physopt 32-619] Estimated Timing Summary | WNS=-0.725 | TNS=-110.312 |
INFO: [Physopt 32-81] Processed net ram/rd_addr_reg[2]_rep__15_n_0. Replicated 9 times.
INFO: [Physopt 32-735] Processed net ram/rd_addr_reg[2]_rep__15_n_0. Optimization improves timing on the net.
INFO: [Physopt 32-619] Estimated Timing Summary | WNS=-0.721 | TNS=-109.674 |
INFO: [Physopt 32-702] Processed net cpu/picorv32_core/instr_jalr. Optimizations did not improve timing on the net.
INFO: [Physopt 32-81] Processed net ram/rd_addr_reg[2]_rep__3_n_0. Replicated 3 times.
INFO: [Physopt 32-735] Processed net ram/rd_addr_reg[2]_rep__3_n_0. Optimization improves timing on the net.
INFO: [Physopt 32-619] Estimated Timing Summary | WNS=-0.715 | TNS=-109.218 |
INFO: [Physopt 32-663] Processed net ram/mem_reg_n_0_[196][25].  Re-placed instance ram/mem_reg[196][25]
INFO: [Physopt 32-735] Processed net ram/mem_reg_n_0_[196][25]. Optimization improves timing on the net.
INFO: [Physopt 32-619] Estimated Timing Summary | WNS=-0.712 | TNS=-109.149 |
INFO: [Physopt 32-663] Processed net ram/mem_reg_n_0_[126][24].  Re-placed instance ram/mem_reg[126][24]
INFO: [Physopt 32-735] Processed net ram/mem_reg_n_0_[126][24]. Optimization improves timing on the net.
INFO: [Physopt 32-619] Estimated Timing Summary | WNS=-0.712 | TNS=-108.436 |
INFO: [Physopt 32-663] Processed net ram/mem_reg_n_0_[126][27].  Re-placed instance ram/mem_reg[126][27]
INFO: [Physopt 32-735] Processed net ram/mem_reg_n_0_[126][27]. Optimization improves timing on the net.
INFO: [Physopt 32-619] Estimated Timing Summary | WNS=-0.712 | TNS=-107.724 |
INFO: [Physopt 32-663] Processed net ram/mem_reg_n_0_[126][28].  Re-placed instance ram/mem_reg[126][28]
INFO: [Physopt 32-735] Processed net ram/mem_reg_n_0_[126][28]. Optimization improves timing on the net.
INFO: [Physopt 32-619] Estimated Timing Summary | WNS=-0.712 | TNS=-107.012 |
INFO: [Physopt 32-663] Processed net ram/mem_reg_n_0_[126][31].  Re-placed instance ram/mem_reg[126][31]
INFO: [Physopt 32-735] Processed net ram/mem_reg_n_0_[126][31]. Optimization improves timing on the net.
INFO: [Physopt 32-619] Estimated Timing Summary | WNS=-0.711 | TNS=-106.299 |
INFO: [Physopt 32-702] Processed net cpu/picorv32_core/reg_out_reg_n_0_[1]. Optimizations did not improve timing on the net.
INFO: [Physopt 32-663] Processed net ram/rd_addr_reg[2]_rep_n_0.  Re-placed instance ram/rd_addr_reg[2]_rep
INFO: [Physopt 32-735] Processed net ram/rd_addr_reg[2]_rep_n_0. Optimization improves timing on the net.
INFO: [Physopt 32-619] Estimated Timing Summary | WNS=-0.710 | TNS=-106.263 |
INFO: [Physopt 32-702] Processed net cpu/picorv32_core/reg_out_reg_n_0_[3]. Optimizations did not improve timing on the net.
INFO: [Physopt 32-663] Processed net ram/rd_addr_reg[2]_rep__20_n_0.  Re-placed instance ram/rd_addr_reg[2]_rep__20
INFO: [Physopt 32-735] Processed net ram/rd_addr_reg[2]_rep__20_n_0. Optimization improves timing on the net.
INFO: [Physopt 32-619] Estimated Timing Summary | WNS=-0.703 | TNS=-105.759 |
INFO: [Physopt 32-663] Processed net ram/mem_reg_n_0_[938][0].  Re-placed instance ram/mem_reg[938][0]
INFO: [Physopt 32-735] Processed net ram/mem_reg_n_0_[938][0]. Optimization improves timing on the net.
INFO: [Physopt 32-619] Estimated Timing Summary | WNS=-0.703 | TNS=-105.056 |
INFO: [Physopt 32-663] Processed net ram/mem_reg_n_0_[938][1].  Re-placed instance ram/mem_reg[938][1]
INFO: [Physopt 32-735] Processed net ram/mem_reg_n_0_[938][1]. Optimization improves timing on the net.
INFO: [Physopt 32-619] Estimated Timing Summary | WNS=-0.703 | TNS=-104.353 |
INFO: [Physopt 32-663] Processed net ram/mem_reg_n_0_[938][5].  Re-placed instance ram/mem_reg[938][5]
INFO: [Physopt 32-735] Processed net ram/mem_reg_n_0_[938][5]. Optimization improves timing on the net.
INFO: [Physopt 32-619] Estimated Timing Summary | WNS=-0.693 | TNS=-103.649 |
INFO: [Physopt 32-702] Processed net cpu/picorv32_core/is_sb_sh_sw. Optimizations did not improve timing on the net.
INFO: [Physopt 32-702] Processed net ram/rd_addr_reg[3]_rep_n_0. Optimizations did not improve timing on the net.
INFO: [Physopt 32-702] Processed net cpu/picorv32_core/mem_rdata_q[2]_i_1_n_0. Optimizations did not improve timing on the net.
INFO: [Physopt 32-702] Processed net gpio/gpio/m0_RDATA[2]. Optimizations did not improve timing on the net.
INFO: [Physopt 32-608] Optimized 1 net.  Swapped 23 pins.
INFO: [Physopt 32-735] Processed net ram/s1_RDATA[2]. Optimization improves timing on the net.
INFO: [Physopt 32-619] Estimated Timing Summary | WNS=-0.693 | TNS=-103.404 |
INFO: [Physopt 32-702] Processed net ram/rd_addr_reg[2]_rep_n_0. Optimizations did not improve timing on the net.
INFO: [Physopt 32-702] Processed net cpu/picorv32_core/reg_out[1]_i_4_n_0. Optimizations did not improve timing on the net.
INFO: [Physopt 32-702] Processed net gpio/gpio/m0_RDATA[9]. Optimizations did not improve timing on the net.
INFO: [Physopt 32-702] Processed net ram/s1_RDATA[7]. Optimizations did not improve timing on the net.
INFO: [Physopt 32-608] Optimized 1 net.  Swapped 24 pins.
INFO: [Physopt 32-735] Processed net ram/mem_rdata_q[9]_i_4_n_0. Optimization improves timing on the net.
INFO: [Physopt 32-619] Estimated Timing Summary | WNS=-0.692 | TNS=-103.298 |
INFO: [Physopt 32-702] Processed net cpu/picorv32_core/reg_out_reg_n_0_[9]. Optimizations did not improve timing on the net.
INFO: [Physopt 32-663] Processed net ram/rd_addr_reg_n_0_[0]_repN_7.  Re-placed instance ram/rd_addr_reg[0]_replica_7
INFO: [Physopt 32-735] Processed net ram/rd_addr_reg_n_0_[0]_repN_7. Optimization improves timing on the net.
INFO: [Physopt 32-619] Estimated Timing Summary | WNS=-0.691 | TNS=-103.211 |
INFO: [Physopt 32-702] Processed net cpu/picorv32_core/reg_out_reg_n_0_[0]. Optimizations did not improve timing on the net.
INFO: [Physopt 32-663] Processed net ram/mem_reg_n_0_[37][16].  Re-placed instance ram/mem_reg[37][16]
INFO: [Physopt 32-735] Processed net ram/mem_reg_n_0_[37][16]. Optimization improves timing on the net.
INFO: [Physopt 32-619] Estimated Timing Summary | WNS=-0.691 | TNS=-103.276 |
INFO: [Physopt 32-702] Processed net cpu/picorv32_core/reg_out_reg_n_0_[2]. Optimizations did not improve timing on the net.
INFO: [Physopt 32-663] Processed net ram/rd_addr_reg_n_0_[1]_repN_46.  Re-placed instance ram/rd_addr_reg[1]_replica_46
INFO: [Physopt 32-735] Processed net ram/rd_addr_reg_n_0_[1]_repN_46. Optimization improves timing on the net.
INFO: [Physopt 32-619] Estimated Timing Summary | WNS=-0.691 | TNS=-103.118 |
INFO: [Physopt 32-702] Processed net cpu/picorv32_core/reg_out_reg_n_0_[10]. Optimizations did not improve timing on the net.
INFO: [Physopt 32-608] Optimized 1 net.  Swapped 21 pins.
INFO: [Physopt 32-735] Processed net cpu/picorv32_core/reg_out[10]_i_4_n_0. Optimization improves timing on the net.
INFO: [Physopt 32-619] Estimated Timing Summary | WNS=-0.686 | TNS=-103.095 |
INFO: [Physopt 32-663] Processed net ram/mem_reg_n_0_[934][0].  Re-placed instance ram/mem_reg[934][0]
INFO: [Physopt 32-735] Processed net ram/mem_reg_n_0_[934][0]. Optimization improves timing on the net.
INFO: [Physopt 32-619] Estimated Timing Summary | WNS=-0.686 | TNS=-102.409 |
INFO: [Physopt 32-619] Estimated Timing Summary | WNS=-0.686 | TNS=-102.409 |
Netlist sorting complete. Time (s): cpu = 00:00:00.81 ; elapsed = 00:00:00.67 . Memory (MB): peak = 3725.273 ; gain = 0.000 ; free physical = 630 ; free virtual = 30018
Phase 4 Critical Path Optimization | Checksum: 1ac0cb714

Time (s): cpu = 00:06:16 ; elapsed = 00:02:12 . Memory (MB): peak = 3725.273 ; gain = 0.000 ; free physical = 650 ; free virtual = 30023
Netlist sorting complete. Time (s): cpu = 00:00:00.03 ; elapsed = 00:00:00.03 . Memory (MB): peak = 3725.273 ; gain = 0.000 ; free physical = 645 ; free virtual = 30020
INFO: [Physopt 32-603] Post Physical Optimization Timing Summary | WNS=-0.686 | TNS=-102.409 |

Summary of Physical Synthesis Optimizations
============================================


-------------------------------------------------------------------------------------------------------------------------------------------------------------
|  Optimization   |  WNS Gain (ns)  |  TNS Gain (ns)  |  Added Cells  |  Removed Cells  |  Optimized Cells/Nets  |  Dont Touch  |  Iterations  |  Elapsed   |
-------------------------------------------------------------------------------------------------------------------------------------------------------------
|  DSP Register   |          0.000  |          0.000  |            0  |              0  |                     0  |           0  |           1  |  00:00:00  |
|  Critical Path  |          0.290  |         24.066  |          205  |              0  |                    78  |           0  |           2  |  00:02:03  |
|  Total          |          0.290  |         24.066  |          205  |              0  |                    78  |           0  |           3  |  00:02:04  |
-------------------------------------------------------------------------------------------------------------------------------------------------------------


Netlist sorting complete. Time (s): cpu = 00:00:00.03 ; elapsed = 00:00:00.03 . Memory (MB): peak = 3725.273 ; gain = 0.000 ; free physical = 645 ; free virtual = 30022
Ending Physical Synthesis Task | Checksum: 1e07fa5ad

Time (s): cpu = 00:06:17 ; elapsed = 00:02:13 . Memory (MB): peak = 3725.273 ; gain = 0.000 ; free physical = 661 ; free virtual = 30024
INFO: [Common 17-83] Releasing license: Implementation
304 Infos, 0 Warnings, 0 Critical Warnings and 0 Errors encountered.
phys_opt_design completed successfully
phys_opt_design: Time (s): cpu = 00:06:18 ; elapsed = 00:02:14 . Memory (MB): peak = 3725.273 ; gain = 0.000 ; free physical = 665 ; free virtual = 30027
# route_design
Command: route_design
Attempting to get a license for feature 'Implementation' and/or device 'xc7a100t'
INFO: [Common 17-349] Got license for feature 'Implementation' and/or device 'xc7a100t'
INFO: [DRC 23-27] Running DRC with 6 threads
INFO: [Vivado_Tcl 4-198] DRC finished with 0 Errors
INFO: [Vivado_Tcl 4-199] Please refer to the DRC report (report_drc) for more information.


Starting Routing Task
INFO: [Route 35-254] Multithreading enabled for route_design using a maximum of 6 CPUs

Phase 1 Build RT Design
Checksum: PlaceDB: 1e64ed74 ConstDB: 0 ShapeSum: 7c75301d RouteDB: b1d25f96
Post Restoration Checksum: NetGraph: 67d29ad8 | NumContArr: 7475985c | Constraints: c2a8fa9d | Timing: c2a8fa9d
Phase 1 Build RT Design | Checksum: 2619a286e

Time (s): cpu = 00:01:14 ; elapsed = 00:00:46 . Memory (MB): peak = 3725.273 ; gain = 0.000 ; free physical = 564 ; free virtual = 29962

Phase 2 Router Initialization

Phase 2.1 Fix Topology Constraints
Phase 2.1 Fix Topology Constraints | Checksum: 2619a286e

Time (s): cpu = 00:01:15 ; elapsed = 00:00:47 . Memory (MB): peak = 3725.273 ; gain = 0.000 ; free physical = 557 ; free virtual = 29961

Phase 2.2 Pre Route Cleanup
Phase 2.2 Pre Route Cleanup | Checksum: 2619a286e

Time (s): cpu = 00:01:15 ; elapsed = 00:00:47 . Memory (MB): peak = 3725.273 ; gain = 0.000 ; free physical = 553 ; free virtual = 29959
 Number of Nodes with overlaps = 0

Phase 2.3 Update Timing
Phase 2.3 Update Timing | Checksum: 236a2938f

Time (s): cpu = 00:01:50 ; elapsed = 00:00:57 . Memory (MB): peak = 3725.273 ; gain = 0.000 ; free physical = 616 ; free virtual = 30014
INFO: [Route 35-416] Intermediate Timing Summary | WNS=-0.616 | TNS=-22.848| WHS=-0.146 | THS=-11.992|


Phase 2.4 Soft Constraint Pins - Fast Budgeting
Phase 2.4 Soft Constraint Pins - Fast Budgeting | Checksum: 1afd320e7

Time (s): cpu = 00:02:05 ; elapsed = 00:01:02 . Memory (MB): peak = 3725.273 ; gain = 0.000 ; free physical = 592 ; free virtual = 29994

Router Utilization Summary
  Global Vertical Routing Utilization    = 0 %
  Global Horizontal Routing Utilization  = 0 %
  Routable Net Status*
  *Does not include unroutable nets such as driverless and loadless.
  Run report_route_status for detailed report.
  Number of Failed Nets               = 46817
    (Failed Nets is the sum of unrouted and partially routed nets)
  Number of Unrouted Nets             = 46817
  Number of Partially Routed Nets     = 0
  Number of Node Overlaps             = 0

Phase 2 Router Initialization | Checksum: 1cd75f45f

Time (s): cpu = 00:02:07 ; elapsed = 00:01:03 . Memory (MB): peak = 3725.273 ; gain = 0.000 ; free physical = 588 ; free virtual = 29994

Phase 3 Global Routing
Phase 3 Global Routing | Checksum: 1cd75f45f

Time (s): cpu = 00:02:07 ; elapsed = 00:01:03 . Memory (MB): peak = 3725.273 ; gain = 0.000 ; free physical = 584 ; free virtual = 29993

Phase 4 Initial Routing

Phase 4.1 Initial Net Routing Pass
Phase 4.1 Initial Net Routing Pass | Checksum: 30e8cfcdd

Time (s): cpu = 00:03:05 ; elapsed = 00:01:17 . Memory (MB): peak = 3725.273 ; gain = 0.000 ; free physical = 531 ; free virtual = 29940
Phase 4 Initial Routing | Checksum: 30e8cfcdd

Time (s): cpu = 00:03:05 ; elapsed = 00:01:18 . Memory (MB): peak = 3725.273 ; gain = 0.000 ; free physical = 526 ; free virtual = 29941
INFO: [Route 35-580] Design has 8 pins with tight setup and hold constraints.

The top 5 pins with tight setup and hold constraints:

+====================+===================+=============================================+
| Launch Setup Clock | Launch Hold Clock | Pin                                         |
+====================+===================+=============================================+
| sys_clk_pin        | sys_clk_pin       | cpu/picorv32_core/instr_lui_reg/D           |
| sys_clk_pin        | sys_clk_pin       | cpu/picorv32_core/instr_auipc_reg/D         |
| sys_clk_pin        | sys_clk_pin       | cpu/picorv32_core/is_sb_sh_sw_reg/D         |
| sys_clk_pin        | sys_clk_pin       | cpu/picorv32_core/instr_jal_reg/D           |
| sys_clk_pin        | sys_clk_pin       | cpu/picorv32_core/is_lb_lh_lw_lbu_lhu_reg/D |
+--------------------+-------------------+---------------------------------------------+

File with complete list of pins: tight_setup_hold_pins.txt


Phase 5 Rip-up And Reroute

Phase 5.1 Global Iteration 0
 Number of Nodes with overlaps = 23295
 Number of Nodes with overlaps = 12052
 Number of Nodes with overlaps = 7219
 Number of Nodes with overlaps = 3870
INFO: [Route 35-416] Intermediate Timing Summary | WNS=-0.653 | TNS=-40.012| WHS=N/A    | THS=N/A    |

WARNING: [Route 35-447] Congestion is preventing the router from routing all nets. The router will prioritize the successful completion of routing all nets over timing optimizations.
Phase 5.1 Global Iteration 0 | Checksum: 297f2679c

Time (s): cpu = 00:22:10 ; elapsed = 00:07:00 . Memory (MB): peak = 3725.273 ; gain = 0.000 ; free physical = 139 ; free virtual = 29910

Phase 5.2 Global Iteration 1
 Number of Nodes with overlaps = 5914
 Number of Nodes with overlaps = 3583
 Number of Nodes with overlaps = 1907
 Number of Nodes with overlaps = 712
 Number of Nodes with overlaps = 186
 Number of Nodes with overlaps = 58
 Number of Nodes with overlaps = 18
 Number of Nodes with overlaps = 4
 Number of Nodes with overlaps = 2
 Number of Nodes with overlaps = 1
 Number of Nodes with overlaps = 0
INFO: [Route 35-416] Intermediate Timing Summary | WNS=-1.084 | TNS=-37.288| WHS=N/A    | THS=N/A    |

Phase 5.2 Global Iteration 1 | Checksum: 1e772247f

Time (s): cpu = 00:31:17 ; elapsed = 00:09:55 . Memory (MB): peak = 3725.273 ; gain = 0.000 ; free physical = 272 ; free virtual = 29954

Phase 5.3 Global Iteration 2
 Number of Nodes with overlaps = 221
 Number of Nodes with overlaps = 350
 Number of Nodes with overlaps = 274
 Number of Nodes with overlaps = 148
 Number of Nodes with overlaps = 132
 Number of Nodes with overlaps = 73
 Number of Nodes with overlaps = 51
 Number of Nodes with overlaps = 58
 Number of Nodes with overlaps = 40
 Number of Nodes with overlaps = 24
 Number of Nodes with overlaps = 13
 Number of Nodes with overlaps = 11
 Number of Nodes with overlaps = 6
 Number of Nodes with overlaps = 7
 Number of Nodes with overlaps = 9
 Number of Nodes with overlaps = 8
 Number of Nodes with overlaps = 4
 Number of Nodes with overlaps = 1
 Number of Nodes with overlaps = 0
INFO: [Route 35-416] Intermediate Timing Summary | WNS=-0.792 | TNS=-28.846| WHS=N/A    | THS=N/A    |

Phase 5.3 Global Iteration 2 | Checksum: 3078de48e

Time (s): cpu = 00:35:01 ; elapsed = 00:11:50 . Memory (MB): peak = 3725.273 ; gain = 0.000 ; free physical = 256 ; free virtual = 29967

Phase 5.4 Global Iteration 3
 Number of Nodes with overlaps = 156
 Number of Nodes with overlaps = 218
 Number of Nodes with overlaps = 142
 Number of Nodes with overlaps = 86
 Number of Nodes with overlaps = 61
 Number of Nodes with overlaps = 49
 Number of Nodes with overlaps = 35
 Number of Nodes with overlaps = 31
 Number of Nodes with overlaps = 20
 Number of Nodes with overlaps = 13
 Number of Nodes with overlaps = 11
 Number of Nodes with overlaps = 7
 Number of Nodes with overlaps = 4
 Number of Nodes with overlaps = 3
 Number of Nodes with overlaps = 1
 Number of Nodes with overlaps = 1
 Number of Nodes with overlaps = 1
 Number of Nodes with overlaps = 0
INFO: [Route 35-416] Intermediate Timing Summary | WNS=-0.823 | TNS=-26.700| WHS=N/A    | THS=N/A    |

Phase 5.4 Global Iteration 3 | Checksum: 2cbf9dc7f

Time (s): cpu = 00:37:28 ; elapsed = 00:13:11 . Memory (MB): peak = 3725.273 ; gain = 0.000 ; free physical = 232 ; free virtual = 29954
Phase 5 Rip-up And Reroute | Checksum: 2cbf9dc7f

Time (s): cpu = 00:37:29 ; elapsed = 00:13:12 . Memory (MB): peak = 3725.273 ; gain = 0.000 ; free physical = 235 ; free virtual = 29960

Phase 6 Delay and Skew Optimization

Phase 6.1 Delay CleanUp

Phase 6.1.1 Update Timing
Phase 6.1.1 Update Timing | Checksum: 235eaa4c3

Time (s): cpu = 00:37:35 ; elapsed = 00:13:13 . Memory (MB): peak = 3725.273 ; gain = 0.000 ; free physical = 235 ; free virtual = 29956
INFO: [Route 35-416] Intermediate Timing Summary | WNS=-0.785 | TNS=-26.378| WHS=N/A    | THS=N/A    |

 Number of Nodes with overlaps = 0
Phase 6.1 Delay CleanUp | Checksum: 2358fba07

Time (s): cpu = 00:37:38 ; elapsed = 00:13:14 . Memory (MB): peak = 3725.273 ; gain = 0.000 ; free physical = 241 ; free virtual = 29966

Phase 6.2 Clock Skew Optimization
Phase 6.2 Clock Skew Optimization | Checksum: 2358fba07

Time (s): cpu = 00:37:39 ; elapsed = 00:13:15 . Memory (MB): peak = 3725.273 ; gain = 0.000 ; free physical = 241 ; free virtual = 29968
Phase 6 Delay and Skew Optimization | Checksum: 2358fba07

Time (s): cpu = 00:37:39 ; elapsed = 00:13:15 . Memory (MB): peak = 3725.273 ; gain = 0.000 ; free physical = 241 ; free virtual = 29970

Phase 7 Post Hold Fix

Phase 7.1 Hold Fix Iter
INFO: [Route 35-416] Intermediate Timing Summary | WNS=-0.785 | TNS=-21.354| WHS=0.080  | THS=0.000  |

Phase 7.1 Hold Fix Iter | Checksum: 2c2c60c2b

Time (s): cpu = 00:37:47 ; elapsed = 00:13:16 . Memory (MB): peak = 3725.273 ; gain = 0.000 ; free physical = 222 ; free virtual = 29964
Phase 7 Post Hold Fix | Checksum: 2c2c60c2b

Time (s): cpu = 00:37:47 ; elapsed = 00:13:16 . Memory (MB): peak = 3725.273 ; gain = 0.000 ; free physical = 230 ; free virtual = 29964

Phase 8 Route finalize

Router Utilization Summary
  Global Vertical Routing Utilization    = 27.0562 %
  Global Horizontal Routing Utilization  = 23.7672 %
  Routable Net Status*
  *Does not include unroutable nets such as driverless and loadless.
  Run report_route_status for detailed report.
  Number of Failed Nets               = 0
    (Failed Nets is the sum of unrouted and partially routed nets)
  Number of Unrouted Nets             = 0
  Number of Partially Routed Nets     = 0
  Number of Node Overlaps             = 0


--GLOBAL Congestion:
Utilization threshold used for congestion level computation: 0.85
Congestion Report
North Dir 8x8 Area, Max Cong = 87.9223%, Congestion bounded by tiles (Lower Left Tile -> Upper Right Tile):
   INT_FEEDTHRU_2_X44Y134 -> INT_R_X23Y135
   INT_L_X24Y128 -> INT_R_X31Y135
South Dir 8x8 Area, Max Cong = 87.8801%, Congestion bounded by tiles (Lower Left Tile -> Upper Right Tile):
   INT_L_X24Y120 -> INT_R_X31Y127
East Dir 2x2 Area, Max Cong = 90.8088%, Congestion bounded by tiles (Lower Left Tile -> Upper Right Tile):
   INT_L_X22Y134 -> INT_R_X23Y135
   INT_L_X18Y128 -> INT_R_X19Y129
   INT_L_X18Y124 -> INT_R_X19Y125
West Dir 2x2 Area, Max Cong = 86.0294%, Congestion bounded by tiles (Lower Left Tile -> Upper Right Tile):
   INT_L_X24Y130 -> INT_R_X25Y131
   INT_L_X30Y128 -> INT_R_X31Y129

------------------------------
Reporting congestion hotspots
------------------------------
Direction: North
----------------
Congested clusters found at Level 2
Effective congestion level: 4 Aspect Ratio: 0.75 Sparse Ratio: 0.6875
Direction: South
----------------
Congested clusters found at Level 2
Effective congestion level: 4 Aspect Ratio: 0.6 Sparse Ratio: 0.75
Direction: East
----------------
Congested clusters found at Level 1
Effective congestion level: 2 Aspect Ratio: 0.25 Sparse Ratio: 1
Direction: West
----------------
Congested clusters found at Level 1
Effective congestion level: 2 Aspect Ratio: 0.666667 Sparse Ratio: 1

Phase 8 Route finalize | Checksum: 2c2c60c2b

Time (s): cpu = 00:37:48 ; elapsed = 00:13:17 . Memory (MB): peak = 3725.273 ; gain = 0.000 ; free physical = 216 ; free virtual = 29957

Phase 9 Verifying routed nets

 Verification completed successfully
Phase 9 Verifying routed nets | Checksum: 2c2c60c2b

Time (s): cpu = 00:37:49 ; elapsed = 00:13:17 . Memory (MB): peak = 3725.273 ; gain = 0.000 ; free physical = 211 ; free virtual = 29956

Phase 10 Depositing Routes
Phase 10 Depositing Routes | Checksum: 212989879

Time (s): cpu = 00:37:58 ; elapsed = 00:13:22 . Memory (MB): peak = 3725.273 ; gain = 0.000 ; free physical = 223 ; free virtual = 29947

Phase 11 Post Process Routing
Phase 11 Post Process Routing | Checksum: 212989879

Time (s): cpu = 00:37:58 ; elapsed = 00:13:22 . Memory (MB): peak = 3725.273 ; gain = 0.000 ; free physical = 210 ; free virtual = 29943

Phase 12 Post Router Timing
INFO: [Route 35-57] Estimated Timing Summary | WNS=-0.785 | TNS=-21.354| WHS=0.080  | THS=0.000  |

WARNING: [Route 35-328] Router estimated timing not met.
Resolution: For a complete and accurate timing signoff, report_timing_summary must be run after route_design. Alternatively, route_design can be run with the -timing_summary option to enable a complete timing signoff at the end of route_design.
Phase 12 Post Router Timing | Checksum: 212989879

Time (s): cpu = 00:37:59 ; elapsed = 00:13:22 . Memory (MB): peak = 3725.273 ; gain = 0.000 ; free physical = 210 ; free virtual = 29947
Total Elapsed time in route_design: 802 secs

Phase 13 Post-Route Event Processing
Phase 13 Post-Route Event Processing | Checksum: 1771d30ea

Time (s): cpu = 00:38:00 ; elapsed = 00:13:22 . Memory (MB): peak = 3725.273 ; gain = 0.000 ; free physical = 206 ; free virtual = 29947
INFO: [Route 35-16] Router Completed Successfully
Ending Routing Task | Checksum: 1771d30ea

Time (s): cpu = 00:38:02 ; elapsed = 00:13:23 . Memory (MB): peak = 3725.273 ; gain = 0.000 ; free physical = 202 ; free virtual = 29945

Routing Is Done.
INFO: [Common 17-83] Releasing license: Implementation
16 Infos, 2 Warnings, 0 Critical Warnings and 0 Errors encountered.
route_design completed successfully
route_design: Time (s): cpu = 00:38:06 ; elapsed = 00:13:25 . Memory (MB): peak = 3725.273 ; gain = 0.000 ; free physical = 201 ; free virtual = 29947
# write_checkpoint -force $dir_out/post_route.dcp
INFO: [Timing 38-480] Writing timing data to binary archive.
Write ShapeDB Complete: Time (s): cpu = 00:00:00.58 ; elapsed = 00:00:00.12 . Memory (MB): peak = 3725.273 ; gain = 0.000 ; free physical = 208 ; free virtual = 29950
Wrote PlaceDB: Time (s): cpu = 00:00:10 ; elapsed = 00:00:05 . Memory (MB): peak = 3725.273 ; gain = 0.000 ; free physical = 183 ; free virtual = 29933
Wrote PulsedLatchDB: Time (s): cpu = 00:00:00 ; elapsed = 00:00:00 . Memory (MB): peak = 3725.273 ; gain = 0.000 ; free physical = 183 ; free virtual = 29933
Writing XDEF routing.
Writing XDEF routing logical nets.
Writing XDEF routing special nets.
Wrote RouteStorage: Time (s): cpu = 00:00:02 ; elapsed = 00:00:00.72 . Memory (MB): peak = 3725.273 ; gain = 0.000 ; free physical = 169 ; free virtual = 29933
Wrote Netlist Cache: Time (s): cpu = 00:00:00.15 ; elapsed = 00:00:00.18 . Memory (MB): peak = 3725.273 ; gain = 0.000 ; free physical = 167 ; free virtual = 29938
Wrote Device Cache: Time (s): cpu = 00:00:00.01 ; elapsed = 00:00:00 . Memory (MB): peak = 3725.273 ; gain = 0.000 ; free physical = 167 ; free virtual = 29938
Write Physdb Complete: Time (s): cpu = 00:00:12 ; elapsed = 00:00:06 . Memory (MB): peak = 3725.273 ; gain = 0.000 ; free physical = 169 ; free virtual = 29942
INFO: [Common 17-1381] The checkpoint '/home/abid/Github/picorv32_learn/viv/out/post_route.dcp' has been generated.
write_checkpoint: Time (s): cpu = 00:00:22 ; elapsed = 00:00:17 . Memory (MB): peak = 3725.273 ; gain = 0.000 ; free physical = 236 ; free virtual = 29948
# report_timing_summary -file $path_report/timing_summary
INFO: [Timing 38-91] UpdateTimingParams: Speed grade: -1, Delay Type: min_max.
INFO: [Timing 38-191] Multithreading enabled for timing update using a maximum of 6 CPUs
report_timing_summary: Time (s): cpu = 00:00:34 ; elapsed = 00:00:09 . Memory (MB): peak = 3725.273 ; gain = 0.000 ; free physical = 229 ; free virtual = 29941
# write_bitstream -force $path_bitstream/$filename_bitstream
Command: write_bitstream -force /home/abid/Github/picorv32_learn/viv/res/nexysa7_picorv32.bit
Attempting to get a license for feature 'Implementation' and/or device 'xc7a100t'
INFO: [Common 17-349] Got license for feature 'Implementation' and/or device 'xc7a100t'
Running DRC as a precondition to command write_bitstream
INFO: [IP_Flow 19-234] Refreshing IP repositories
INFO: [IP_Flow 19-1704] No user IP repositories specified
INFO: [IP_Flow 19-2313] Loaded Vivado IP repository '/home/abid/Softwares/Xilinx/2025.1/Vivado/data/ip'.
INFO: [DRC 23-27] Running DRC with 6 threads
INFO: [Vivado 12-3199] DRC finished with 0 Errors
INFO: [Vivado 12-3200] Please refer to the DRC report (report_drc) for more information.
INFO: [Designutils 20-2272] Running write_bitstream with 6 threads.
Loading data files...
Loading site data...
Loading route data...
Processing options...
Creating bitmap...
Creating bitstream...
Writing bitstream /home/abid/Github/picorv32_learn/viv/res/nexysa7_picorv32.bit...
INFO: [Vivado 12-1842] Bitgen Completed Successfully.
INFO: [Project 1-1876] WebTalk data collection is mandatory when using a ULT device. To see the specific WebTalk data collected for your design, open the usage_statistics_webtalk.html or usage_statistics_webtalk.xml file in the implementation directory.
INFO: [Common 17-83] Releasing license: Implementation
11 Infos, 0 Warnings, 0 Critical Warnings and 0 Errors encountered.
write_bitstream completed successfully
write_bitstream: Time (s): cpu = 00:02:02 ; elapsed = 00:00:53 . Memory (MB): peak = 4072.836 ; gain = 347.562 ; free physical = 154 ; free virtual = 29518
INFO: [Common 17-206] Exiting Vivado at Sun Jun 21 15:52:49 2026...
