#-----------------------------------------------------------
# Vivado v2025.1 (64-bit)
# SW Build 6140274 on Wed May 21 22:58:25 MDT 2025
# IP Build 6138677 on Thu May 22 03:10:11 MDT 2025
# SharedData Build 6139179 on Tue May 20 17:58:58 MDT 2025
# Start of session at: Thu Jun 18 17:31:50 2026
# Process ID         : 24695
# Current directory  : /home/abid/Github/picorv32_learn
# Command line       : vivado -mode batch -source viv/tcl/build.tcl -log viv/out/log/vivado.log -journal viv/out/log/vivado.jou
# Log file           : /home/abid/Github/picorv32_learn/viv/out/log/vivado.log
# Journal file       : /home/abid/Github/picorv32_learn/viv/out/log/vivado.jou
# Running On         : abid
# Platform           : Ubuntu
# Operating System   : Ubuntu 24.04.4 LTS
# Processor Detail   : 11th Gen Intel(R) Core(TM) i5-1135G7 @ 2.40GHz
# CPU Frequency      : 1896.113 MHz
# CPU Physical cores : 4
# CPU Logical cores  : 8
# Host memory        : 7994 MB
# Swap memory        : 21474 MB
# Total Virtual      : 29469 MB
# Available Virtual  : 21585 MB
#-----------------------------------------------------------
source viv/tcl/build.tcl
# source viv/tcl/set_variables.tcl
## set board_name "nexys7"
## set fpga_part "xc7a100tcsg324"
## set project_name "picorv32"
## set top_level "picorv32_soc"
## set top_level_tb "tb_${top_level}.v"
## set dir_rtl "rtl"
## set dir_tb "tb"
## set dir_xdc "viv/xdc"
## set dir_out "viv/out"
## set dir_log "viv/out/log"
## set dir_report "viv/res/report"
## set dir_bitstream "viv/res"
## set dir_origin [file normalize "."]
## puts "INFO: dir_origin is  $dir_origin"
INFO: dir_origin is  /home/abid/Github/picorv32_learn
## set filename_xdc "${board_name}_${project_name}.xdc"
## set filename_bitstream "${board_name}_${project_name}.bit"
# set path_report $dir_origin/$dir_report
# set path_bitstream $dir_origin/$dir_bitstream
# set_part $fpga_part
INFO: [Coretcl 2-1500] The part has been set to 'xc7a100tcsg324' for the current project only. Run set_part -help for more details. To evaluate different speed grades in the current design, use the set_speed_grade command, or use the open_checkpoint -part command to change the part used by an existing checkpoint design.
# proc get_verilog_files {dir} {
#     set files {}
#     foreach f [glob -nocomplain -directory $dir *] {
#         if {[file isdirectory $f]} {
#             set files [concat $files [get_verilog_files $f]]
#         } elseif {[string match *.v $f]} {
#             lappend files $f
#         }
#     }
#     return $files
# }
# set all_verilog_files [get_verilog_files [file join $dir_origin $dir_rtl]]
# read_verilog $all_verilog_files
# read_xdc "$dir_origin/$dir_xdc/$filename_xdc"
# synth_design -top $top_level
Command: synth_design -top picorv32_soc
Starting synth_design
Using part: xc7a100tcsg324-3
Attempting to get a license for feature 'Synthesis' and/or device 'xc7a100t'
INFO: [Common 17-349] Got license for feature 'Synthesis' and/or device 'xc7a100t'
INFO: [Device 21-403] Loading part xc7a100tcsg324-3
INFO: [Synth 8-7079] Multithreading enabled for synth_design using a maximum of 7 processes.
INFO: [Synth 8-7078] Launching helper process for spawning children vivado processes
INFO: [Synth 8-7075] Helper process launched with PID 24836
---------------------------------------------------------------------------------
Starting RTL Elaboration : Time (s): cpu = 00:00:07 ; elapsed = 00:00:07 . Memory (MB): peak = 2109.719 ; gain = 438.711 ; free physical = 1285 ; free virtual = 19352
---------------------------------------------------------------------------------
INFO: [Synth 8-6157] synthesizing module 'picorv32_soc' [/home/abid/Github/picorv32_learn/rtl/picorv32_soc.v:3]
INFO: [Synth 8-6157] synthesizing module 'picorv32_axi' [/home/abid/Github/picorv32_learn/rtl/picorv32/picorv32_axi.v:5]
	Parameter ENABLE_BITREV bound to: 1'b0 
	Parameter ENABLE_GCD bound to: 1'b0 
	Parameter ENABLE_FFT bound to: 1'b0 
	Parameter ENABLE_MUL bound to: 1'b0 
	Parameter ENABLE_FAST_MUL bound to: 1'b0 
	Parameter ENABLE_DIV bound to: 1'b1 
	Parameter STACKADDR bound to: 4096 - type: integer 
INFO: [Synth 8-6157] synthesizing module 'picorv32_axi_adapter' [/home/abid/Github/picorv32_learn/rtl/picorv32/picorv32_axi_adapter.v:5]
INFO: [Synth 8-6155] done synthesizing module 'picorv32_axi_adapter' (0#1) [/home/abid/Github/picorv32_learn/rtl/picorv32/picorv32_axi_adapter.v:5]
INFO: [Synth 8-6157] synthesizing module 'picorv32' [/home/abid/Github/picorv32_learn/rtl/picorv32/picorv32.v:62]
	Parameter ENABLE_COUNTERS bound to: 1'b1 
	Parameter ENABLE_COUNTERS64 bound to: 1'b1 
	Parameter ENABLE_REGS_16_31 bound to: 1'b1 
	Parameter ENABLE_REGS_DUALPORT bound to: 1'b1 
	Parameter TWO_STAGE_SHIFT bound to: 1'b1 
	Parameter BARREL_SHIFTER bound to: 1'b0 
	Parameter TWO_CYCLE_COMPARE bound to: 1'b0 
	Parameter TWO_CYCLE_ALU bound to: 1'b0 
	Parameter COMPRESSED_ISA bound to: 1'b0 
	Parameter CATCH_MISALIGN bound to: 1'b1 
	Parameter CATCH_ILLINSN bound to: 1'b1 
	Parameter ENABLE_PCPI bound to: 1'b0 
	Parameter ENABLE_BITREV bound to: 1'b0 
	Parameter ENABLE_GCD bound to: 1'b0 
	Parameter ENABLE_FFT bound to: 1'b0 
	Parameter ENABLE_MUL bound to: 1'b0 
	Parameter ENABLE_FAST_MUL bound to: 1'b0 
	Parameter ENABLE_DIV bound to: 1'b1 
	Parameter ENABLE_IRQ bound to: 1'b0 
	Parameter ENABLE_IRQ_QREGS bound to: 1'b1 
	Parameter ENABLE_IRQ_TIMER bound to: 1'b1 
	Parameter ENABLE_TRACE bound to: 1'b0 
	Parameter REGS_INIT_ZERO bound to: 1'b0 
	Parameter MASKED_IRQ bound to: 0 - type: integer 
	Parameter LATCHED_IRQ bound to: -1 - type: integer 
	Parameter PROGADDR_RESET bound to: 0 - type: integer 
	Parameter PROGADDR_IRQ bound to: 16 - type: integer 
	Parameter STACKADDR bound to: 4096 - type: integer 
INFO: [Synth 8-6157] synthesizing module 'picorv32_pcpi_div' [/home/abid/Github/picorv32_learn/rtl/picorv32/picorv32_pcpi_div.v:5]
INFO: [Synth 8-155] case statement is not full and has no default [/home/abid/Github/picorv32_learn/rtl/picorv32/picorv32_pcpi_div.v:30]
INFO: [Synth 8-6155] done synthesizing module 'picorv32_pcpi_div' (0#1) [/home/abid/Github/picorv32_learn/rtl/picorv32/picorv32_pcpi_div.v:5]
WARNING: [Synth 8-151] case item 1'b0 is unreachable [/home/abid/Github/picorv32_learn/rtl/picorv32/picorv32.v:411]
WARNING: [Synth 8-151] case item 1'b0 is unreachable [/home/abid/Github/picorv32_learn/rtl/picorv32/picorv32.v:411]
WARNING: [Synth 8-151] case item 1'b0 is unreachable [/home/abid/Github/picorv32_learn/rtl/picorv32/picorv32.v:411]
WARNING: [Synth 8-151] case item 1'b0 is unreachable [/home/abid/Github/picorv32_learn/rtl/picorv32/picorv32.v:411]
INFO: [Synth 8-155] case statement is not full and has no default [/home/abid/Github/picorv32_learn/rtl/picorv32/picorv32.v:411]
WARNING: [Synth 8-151] case item 1'b0 is unreachable [/home/abid/Github/picorv32_learn/rtl/picorv32/picorv32.v:1360]
WARNING: [Synth 8-151] case item 1'b0 is unreachable [/home/abid/Github/picorv32_learn/rtl/picorv32/picorv32.v:1406]
INFO: [Synth 8-155] case statement is not full and has no default [/home/abid/Github/picorv32_learn/rtl/picorv32/picorv32.v:1406]
WARNING: [Synth 8-151] case item 1'b0 is unreachable [/home/abid/Github/picorv32_learn/rtl/picorv32/picorv32.v:1589]
INFO: [Synth 8-155] case statement is not full and has no default [/home/abid/Github/picorv32_learn/rtl/picorv32/picorv32.v:1589]
WARNING: [Synth 8-151] case item 1'b0 is unreachable [/home/abid/Github/picorv32_learn/rtl/picorv32/picorv32.v:1675]
WARNING: [Synth 8-151] case item 1'b0 is unreachable [/home/abid/Github/picorv32_learn/rtl/picorv32/picorv32.v:1675]
WARNING: [Synth 8-151] case item 1'b0 is unreachable [/home/abid/Github/picorv32_learn/rtl/picorv32/picorv32.v:1675]
WARNING: [Synth 8-151] case item 1'b0 is unreachable [/home/abid/Github/picorv32_learn/rtl/picorv32/picorv32.v:1675]
WARNING: [Synth 8-151] case item 1'b0 is unreachable [/home/abid/Github/picorv32_learn/rtl/picorv32/picorv32.v:1675]
INFO: [Synth 8-6155] done synthesizing module 'picorv32' (0#1) [/home/abid/Github/picorv32_learn/rtl/picorv32/picorv32.v:62]
WARNING: [Synth 8-7071] port 'mem_la_read' of module 'picorv32' is unconnected for instance 'picorv32_core' [/home/abid/Github/picorv32_learn/rtl/picorv32/picorv32_axi.v:168]
WARNING: [Synth 8-7071] port 'mem_la_write' of module 'picorv32' is unconnected for instance 'picorv32_core' [/home/abid/Github/picorv32_learn/rtl/picorv32/picorv32_axi.v:168]
WARNING: [Synth 8-7071] port 'mem_la_addr' of module 'picorv32' is unconnected for instance 'picorv32_core' [/home/abid/Github/picorv32_learn/rtl/picorv32/picorv32_axi.v:168]
WARNING: [Synth 8-7071] port 'mem_la_wdata' of module 'picorv32' is unconnected for instance 'picorv32_core' [/home/abid/Github/picorv32_learn/rtl/picorv32/picorv32_axi.v:168]
WARNING: [Synth 8-7071] port 'mem_la_wstrb' of module 'picorv32' is unconnected for instance 'picorv32_core' [/home/abid/Github/picorv32_learn/rtl/picorv32/picorv32_axi.v:168]
WARNING: [Synth 8-7071] port 'pcpi_valid' of module 'picorv32' is unconnected for instance 'picorv32_core' [/home/abid/Github/picorv32_learn/rtl/picorv32/picorv32_axi.v:168]
WARNING: [Synth 8-7071] port 'pcpi_insn' of module 'picorv32' is unconnected for instance 'picorv32_core' [/home/abid/Github/picorv32_learn/rtl/picorv32/picorv32_axi.v:168]
WARNING: [Synth 8-7071] port 'pcpi_rs1' of module 'picorv32' is unconnected for instance 'picorv32_core' [/home/abid/Github/picorv32_learn/rtl/picorv32/picorv32_axi.v:168]
WARNING: [Synth 8-7071] port 'pcpi_rs2' of module 'picorv32' is unconnected for instance 'picorv32_core' [/home/abid/Github/picorv32_learn/rtl/picorv32/picorv32_axi.v:168]
WARNING: [Synth 8-7071] port 'pcpi_wr' of module 'picorv32' is unconnected for instance 'picorv32_core' [/home/abid/Github/picorv32_learn/rtl/picorv32/picorv32_axi.v:168]
WARNING: [Synth 8-7071] port 'pcpi_rd' of module 'picorv32' is unconnected for instance 'picorv32_core' [/home/abid/Github/picorv32_learn/rtl/picorv32/picorv32_axi.v:168]
WARNING: [Synth 8-7071] port 'pcpi_wait' of module 'picorv32' is unconnected for instance 'picorv32_core' [/home/abid/Github/picorv32_learn/rtl/picorv32/picorv32_axi.v:168]
WARNING: [Synth 8-7071] port 'pcpi_ready' of module 'picorv32' is unconnected for instance 'picorv32_core' [/home/abid/Github/picorv32_learn/rtl/picorv32/picorv32_axi.v:168]
WARNING: [Synth 8-7023] instance 'picorv32_core' of module 'picorv32' has 27 connections declared, but only 14 given [/home/abid/Github/picorv32_learn/rtl/picorv32/picorv32_axi.v:168]
INFO: [Synth 8-6155] done synthesizing module 'picorv32_axi' (0#1) [/home/abid/Github/picorv32_learn/rtl/picorv32/picorv32_axi.v:5]
WARNING: [Synth 8-7071] port 'mem_axi_awprot' of module 'picorv32_axi' is unconnected for instance 'cpu' [/home/abid/Github/picorv32_learn/rtl/picorv32_soc.v:104]
WARNING: [Synth 8-7071] port 'mem_axi_arprot' of module 'picorv32_axi' is unconnected for instance 'cpu' [/home/abid/Github/picorv32_learn/rtl/picorv32_soc.v:104]
WARNING: [Synth 8-7071] port 'irq' of module 'picorv32_axi' is unconnected for instance 'cpu' [/home/abid/Github/picorv32_learn/rtl/picorv32_soc.v:104]
WARNING: [Synth 8-7071] port 'eoi' of module 'picorv32_axi' is unconnected for instance 'cpu' [/home/abid/Github/picorv32_learn/rtl/picorv32_soc.v:104]
WARNING: [Synth 8-7071] port 'trace_valid' of module 'picorv32_axi' is unconnected for instance 'cpu' [/home/abid/Github/picorv32_learn/rtl/picorv32_soc.v:104]
WARNING: [Synth 8-7071] port 'trace_data' of module 'picorv32_axi' is unconnected for instance 'cpu' [/home/abid/Github/picorv32_learn/rtl/picorv32_soc.v:104]
WARNING: [Synth 8-7023] instance 'cpu' of module 'picorv32_axi' has 24 connections declared, but only 18 given [/home/abid/Github/picorv32_learn/rtl/picorv32_soc.v:104]
INFO: [Synth 8-6157] synthesizing module 'axi_rom' [/home/abid/Github/picorv32_learn/rtl/axi_rom.v:1]
INFO: [Synth 8-6155] done synthesizing module 'axi_rom' (0#1) [/home/abid/Github/picorv32_learn/rtl/axi_rom.v:1]
INFO: [Synth 8-6157] synthesizing module 'axi_ram' [/home/abid/Github/picorv32_learn/rtl/axi_ram.v:1]
INFO: [Synth 8-155] case statement is not full and has no default [/home/abid/Github/picorv32_learn/rtl/axi_ram.v:43]
INFO: [Synth 8-6155] done synthesizing module 'axi_ram' (0#1) [/home/abid/Github/picorv32_learn/rtl/axi_ram.v:1]
INFO: [Synth 8-6157] synthesizing module 'axi4_lite_interconnect_m1s3' [/home/abid/Github/picorv32_learn/rtl/axi4_lite_interconnect_m1s3.v:1]
	Parameter LOW_ADDR0 bound to: 0 - type: integer 
	Parameter HIGH_ADDR0 bound to: 65535 - type: integer 
	Parameter LOW_ADDR1 bound to: 268435456 - type: integer 
	Parameter HIGH_ADDR1 bound to: 268500991 - type: integer 
	Parameter LOW_ADDR2 bound to: 131072 - type: integer 
	Parameter HIGH_ADDR2 bound to: 196607 - type: integer 
INFO: [Synth 8-6155] done synthesizing module 'axi4_lite_interconnect_m1s3' (0#1) [/home/abid/Github/picorv32_learn/rtl/axi4_lite_interconnect_m1s3.v:1]
INFO: [Synth 8-6155] done synthesizing module 'picorv32_soc' (0#1) [/home/abid/Github/picorv32_learn/rtl/picorv32_soc.v:3]
WARNING: [Synth 8-6014] Unused sequential element pcpi_wr_reg was removed.  [/home/abid/Github/picorv32_learn/rtl/picorv32/picorv32_pcpi_div.v:51]
WARNING: [Synth 8-6014] Unused sequential element mem_la_firstword_reg_reg was removed.  [/home/abid/Github/picorv32_learn/rtl/picorv32/picorv32.v:484]
WARNING: [Synth 8-6014] Unused sequential element last_mem_valid_reg was removed.  [/home/abid/Github/picorv32_learn/rtl/picorv32/picorv32.v:485]
WARNING: [Synth 8-6014] Unused sequential element next_insn_opcode_reg was removed.  [/home/abid/Github/picorv32_learn/rtl/picorv32/picorv32.v:525]
WARNING: [Synth 8-6014] Unused sequential element mem_la_secondword_reg was removed.  [/home/abid/Github/picorv32_learn/rtl/picorv32/picorv32.v:663]
WARNING: [Synth 8-6014] Unused sequential element prefetched_high_word_reg was removed.  [/home/abid/Github/picorv32_learn/rtl/picorv32/picorv32.v:664]
WARNING: [Synth 8-6014] Unused sequential element q_ascii_instr_reg was removed.  [/home/abid/Github/picorv32_learn/rtl/picorv32/picorv32.v:871]
WARNING: [Synth 8-6014] Unused sequential element q_insn_imm_reg was removed.  [/home/abid/Github/picorv32_learn/rtl/picorv32/picorv32.v:872]
WARNING: [Synth 8-6014] Unused sequential element q_insn_opcode_reg was removed.  [/home/abid/Github/picorv32_learn/rtl/picorv32/picorv32.v:873]
WARNING: [Synth 8-6014] Unused sequential element q_insn_rs1_reg was removed.  [/home/abid/Github/picorv32_learn/rtl/picorv32/picorv32.v:874]
WARNING: [Synth 8-6014] Unused sequential element q_insn_rs2_reg was removed.  [/home/abid/Github/picorv32_learn/rtl/picorv32/picorv32.v:875]
WARNING: [Synth 8-6014] Unused sequential element q_insn_rd_reg was removed.  [/home/abid/Github/picorv32_learn/rtl/picorv32/picorv32.v:876]
WARNING: [Synth 8-6014] Unused sequential element dbg_next_reg was removed.  [/home/abid/Github/picorv32_learn/rtl/picorv32/picorv32.v:877]
WARNING: [Synth 8-6014] Unused sequential element dbg_valid_insn_reg was removed.  [/home/abid/Github/picorv32_learn/rtl/picorv32/picorv32.v:880]
WARNING: [Synth 8-6014] Unused sequential element cached_ascii_instr_reg was removed.  [/home/abid/Github/picorv32_learn/rtl/picorv32/picorv32.v:885]
WARNING: [Synth 8-6014] Unused sequential element cached_insn_imm_reg was removed.  [/home/abid/Github/picorv32_learn/rtl/picorv32/picorv32.v:886]
WARNING: [Synth 8-6014] Unused sequential element cached_insn_opcode_reg was removed.  [/home/abid/Github/picorv32_learn/rtl/picorv32/picorv32.v:888]
WARNING: [Synth 8-6014] Unused sequential element cached_insn_rs1_reg was removed.  [/home/abid/Github/picorv32_learn/rtl/picorv32/picorv32.v:891]
WARNING: [Synth 8-6014] Unused sequential element cached_insn_rs2_reg was removed.  [/home/abid/Github/picorv32_learn/rtl/picorv32/picorv32.v:892]
WARNING: [Synth 8-6014] Unused sequential element cached_insn_rd_reg was removed.  [/home/abid/Github/picorv32_learn/rtl/picorv32/picorv32.v:893]
WARNING: [Synth 8-6014] Unused sequential element dbg_insn_addr_reg was removed.  [/home/abid/Github/picorv32_learn/rtl/picorv32/picorv32.v:897]
WARNING: [Synth 8-6014] Unused sequential element clear_prefetched_high_word_q_reg was removed.  [/home/abid/Github/picorv32_learn/rtl/picorv32/picorv32.v:1385]
WARNING: [Synth 8-6014] Unused sequential element set_mem_do_rinst_reg was removed.  [/home/abid/Github/picorv32_learn/rtl/picorv32/picorv32.v:1498]
WARNING: [Synth 8-6014] Unused sequential element set_mem_do_rdata_reg was removed.  [/home/abid/Github/picorv32_learn/rtl/picorv32/picorv32.v:1499]
WARNING: [Synth 8-6014] Unused sequential element set_mem_do_wdata_reg was removed.  [/home/abid/Github/picorv32_learn/rtl/picorv32/picorv32.v:1500]
WARNING: [Synth 8-6014] Unused sequential element alu_out_0_q_reg was removed.  [/home/abid/Github/picorv32_learn/rtl/picorv32/picorv32.v:1502]
WARNING: [Synth 8-6014] Unused sequential element alu_wait_reg was removed.  [/home/abid/Github/picorv32_learn/rtl/picorv32/picorv32.v:1505]
WARNING: [Synth 8-6014] Unused sequential element alu_wait_2_reg was removed.  [/home/abid/Github/picorv32_learn/rtl/picorv32/picorv32.v:1506]
WARNING: [Synth 8-6014] Unused sequential element dbg_rs1val_reg was removed.  [/home/abid/Github/picorv32_learn/rtl/picorv32/picorv32.v:1509]
WARNING: [Synth 8-6014] Unused sequential element dbg_rs2val_reg was removed.  [/home/abid/Github/picorv32_learn/rtl/picorv32/picorv32.v:1510]
WARNING: [Synth 8-6014] Unused sequential element dbg_rs1val_valid_reg was removed.  [/home/abid/Github/picorv32_learn/rtl/picorv32/picorv32.v:1511]
WARNING: [Synth 8-6014] Unused sequential element dbg_rs2val_valid_reg was removed.  [/home/abid/Github/picorv32_learn/rtl/picorv32/picorv32.v:1512]
WARNING: [Synth 8-6014] Unused sequential element next_irq_pending_reg was removed.  [/home/abid/Github/picorv32_learn/rtl/picorv32/picorv32.v:1532]
WARNING: [Synth 8-6014] Unused sequential element decoder_trigger_q_reg was removed.  [/home/abid/Github/picorv32_learn/rtl/picorv32/picorv32.v:1539]
WARNING: [Synth 8-6014] Unused sequential element decoder_pseudo_trigger_q_reg was removed.  [/home/abid/Github/picorv32_learn/rtl/picorv32/picorv32.v:1541]
WARNING: [Synth 8-6014] Unused sequential element latched_trace_reg was removed.  [/home/abid/Github/picorv32_learn/rtl/picorv32/picorv32.v:1557]
WARNING: [Synth 8-6014] Unused sequential element irq_active_reg was removed.  [/home/abid/Github/picorv32_learn/rtl/picorv32/picorv32.v:1563]
WARNING: [Synth 8-6014] Unused sequential element irq_delay_reg was removed.  [/home/abid/Github/picorv32_learn/rtl/picorv32/picorv32.v:1564]
WARNING: [Synth 8-6014] Unused sequential element irq_mask_reg was removed.  [/home/abid/Github/picorv32_learn/rtl/picorv32/picorv32.v:1565]
WARNING: [Synth 8-6014] Unused sequential element irq_state_reg was removed.  [/home/abid/Github/picorv32_learn/rtl/picorv32/picorv32.v:1567]
WARNING: [Synth 8-6014] Unused sequential element timer_reg was removed.  [/home/abid/Github/picorv32_learn/rtl/picorv32/picorv32.v:1569]
WARNING: [Synth 8-6014] Unused sequential element current_pc_reg was removed.  [/home/abid/Github/picorv32_learn/rtl/picorv32/picorv32.v:1587]
WARNING: [Synth 8-6014] Unused sequential element irq_pending_reg was removed.  [/home/abid/Github/picorv32_learn/rtl/picorv32/picorv32.v:2055]
WARNING: [Synth 8-6014] Unused sequential element trace_valid_reg was removed.  [/home/abid/Github/picorv32_learn/rtl/picorv32/picorv32.v:1544]
WARNING: [Synth 8-6014] Unused sequential element wr_addr_reg was removed.  [/home/abid/Github/picorv32_learn/rtl/axi_ram.v:46]
WARNING: [Synth 8-6014] Unused sequential element wr_strb_reg was removed.  [/home/abid/Github/picorv32_learn/rtl/axi_ram.v:47]
WARNING: [Synth 8-3848] Net LED in module/entity picorv32_soc does not have driver. [/home/abid/Github/picorv32_learn/rtl/picorv32_soc.v:8]
WARNING: [Synth 8-3848] Net s0_AWREADY in module/entity picorv32_soc does not have driver. [/home/abid/Github/picorv32_learn/rtl/picorv32_soc.v:41]
WARNING: [Synth 8-3848] Net s0_WREADY in module/entity picorv32_soc does not have driver. [/home/abid/Github/picorv32_learn/rtl/picorv32_soc.v:44]
WARNING: [Synth 8-3848] Net s0_BVALID in module/entity picorv32_soc does not have driver. [/home/abid/Github/picorv32_learn/rtl/picorv32_soc.v:48]
WARNING: [Synth 8-3848] Net s0_BRESP in module/entity picorv32_soc does not have driver. [/home/abid/Github/picorv32_learn/rtl/picorv32_soc.v:49]
WARNING: [Synth 8-3848] Net s0_RRESP in module/entity picorv32_soc does not have driver. [/home/abid/Github/picorv32_learn/rtl/picorv32_soc.v:55]
WARNING: [Synth 8-3848] Net s1_BRESP in module/entity picorv32_soc does not have driver. [/home/abid/Github/picorv32_learn/rtl/picorv32_soc.v:68]
WARNING: [Synth 8-3848] Net s1_RRESP in module/entity picorv32_soc does not have driver. [/home/abid/Github/picorv32_learn/rtl/picorv32_soc.v:74]
WARNING: [Synth 8-3848] Net s2_BRESP in module/entity picorv32_soc does not have driver. [/home/abid/Github/picorv32_learn/rtl/picorv32_soc.v:86]
WARNING: [Synth 8-3848] Net s2_RRESP in module/entity picorv32_soc does not have driver. [/home/abid/Github/picorv32_learn/rtl/picorv32_soc.v:92]
WARNING: [Synth 8-7129] Port axi_awaddr[31] in module axi_ram is either unconnected or has no load
WARNING: [Synth 8-7129] Port axi_awaddr[30] in module axi_ram is either unconnected or has no load
WARNING: [Synth 8-7129] Port axi_awaddr[29] in module axi_ram is either unconnected or has no load
WARNING: [Synth 8-7129] Port axi_awaddr[28] in module axi_ram is either unconnected or has no load
WARNING: [Synth 8-7129] Port axi_awaddr[27] in module axi_ram is either unconnected or has no load
WARNING: [Synth 8-7129] Port axi_awaddr[26] in module axi_ram is either unconnected or has no load
WARNING: [Synth 8-7129] Port axi_awaddr[25] in module axi_ram is either unconnected or has no load
WARNING: [Synth 8-7129] Port axi_awaddr[24] in module axi_ram is either unconnected or has no load
WARNING: [Synth 8-7129] Port axi_awaddr[23] in module axi_ram is either unconnected or has no load
WARNING: [Synth 8-7129] Port axi_awaddr[22] in module axi_ram is either unconnected or has no load
WARNING: [Synth 8-7129] Port axi_awaddr[21] in module axi_ram is either unconnected or has no load
WARNING: [Synth 8-7129] Port axi_awaddr[20] in module axi_ram is either unconnected or has no load
WARNING: [Synth 8-7129] Port axi_awaddr[19] in module axi_ram is either unconnected or has no load
WARNING: [Synth 8-7129] Port axi_awaddr[18] in module axi_ram is either unconnected or has no load
WARNING: [Synth 8-7129] Port axi_awaddr[17] in module axi_ram is either unconnected or has no load
WARNING: [Synth 8-7129] Port axi_awaddr[16] in module axi_ram is either unconnected or has no load
WARNING: [Synth 8-7129] Port axi_awaddr[15] in module axi_ram is either unconnected or has no load
WARNING: [Synth 8-7129] Port axi_awaddr[14] in module axi_ram is either unconnected or has no load
WARNING: [Synth 8-7129] Port axi_awaddr[1] in module axi_ram is either unconnected or has no load
WARNING: [Synth 8-7129] Port axi_awaddr[0] in module axi_ram is either unconnected or has no load
WARNING: [Synth 8-7129] Port axi_araddr[31] in module axi_ram is either unconnected or has no load
WARNING: [Synth 8-7129] Port axi_araddr[30] in module axi_ram is either unconnected or has no load
WARNING: [Synth 8-7129] Port axi_araddr[29] in module axi_ram is either unconnected or has no load
WARNING: [Synth 8-7129] Port axi_araddr[28] in module axi_ram is either unconnected or has no load
WARNING: [Synth 8-7129] Port axi_araddr[27] in module axi_ram is either unconnected or has no load
WARNING: [Synth 8-7129] Port axi_araddr[26] in module axi_ram is either unconnected or has no load
WARNING: [Synth 8-7129] Port axi_araddr[25] in module axi_ram is either unconnected or has no load
WARNING: [Synth 8-7129] Port axi_araddr[24] in module axi_ram is either unconnected or has no load
WARNING: [Synth 8-7129] Port axi_araddr[23] in module axi_ram is either unconnected or has no load
WARNING: [Synth 8-7129] Port axi_araddr[22] in module axi_ram is either unconnected or has no load
WARNING: [Synth 8-7129] Port axi_araddr[21] in module axi_ram is either unconnected or has no load
WARNING: [Synth 8-7129] Port axi_araddr[20] in module axi_ram is either unconnected or has no load
WARNING: [Synth 8-7129] Port axi_araddr[19] in module axi_ram is either unconnected or has no load
WARNING: [Synth 8-7129] Port axi_araddr[18] in module axi_ram is either unconnected or has no load
WARNING: [Synth 8-7129] Port axi_araddr[17] in module axi_ram is either unconnected or has no load
WARNING: [Synth 8-7129] Port axi_araddr[16] in module axi_ram is either unconnected or has no load
WARNING: [Synth 8-7129] Port axi_araddr[15] in module axi_ram is either unconnected or has no load
WARNING: [Synth 8-7129] Port axi_araddr[14] in module axi_ram is either unconnected or has no load
WARNING: [Synth 8-7129] Port axi_araddr[1] in module axi_ram is either unconnected or has no load
WARNING: [Synth 8-7129] Port axi_araddr[0] in module axi_ram is either unconnected or has no load
WARNING: [Synth 8-7129] Port axi_araddr[31] in module axi_rom is either unconnected or has no load
WARNING: [Synth 8-7129] Port axi_araddr[30] in module axi_rom is either unconnected or has no load
WARNING: [Synth 8-7129] Port axi_araddr[29] in module axi_rom is either unconnected or has no load
WARNING: [Synth 8-7129] Port axi_araddr[28] in module axi_rom is either unconnected or has no load
WARNING: [Synth 8-7129] Port axi_araddr[27] in module axi_rom is either unconnected or has no load
WARNING: [Synth 8-7129] Port axi_araddr[26] in module axi_rom is either unconnected or has no load
WARNING: [Synth 8-7129] Port axi_araddr[25] in module axi_rom is either unconnected or has no load
WARNING: [Synth 8-7129] Port axi_araddr[24] in module axi_rom is either unconnected or has no load
WARNING: [Synth 8-7129] Port axi_araddr[23] in module axi_rom is either unconnected or has no load
WARNING: [Synth 8-7129] Port axi_araddr[22] in module axi_rom is either unconnected or has no load
WARNING: [Synth 8-7129] Port axi_araddr[21] in module axi_rom is either unconnected or has no load
WARNING: [Synth 8-7129] Port axi_araddr[20] in module axi_rom is either unconnected or has no load
WARNING: [Synth 8-7129] Port axi_araddr[19] in module axi_rom is either unconnected or has no load
WARNING: [Synth 8-7129] Port axi_araddr[18] in module axi_rom is either unconnected or has no load
WARNING: [Synth 8-7129] Port axi_araddr[17] in module axi_rom is either unconnected or has no load
WARNING: [Synth 8-7129] Port axi_araddr[16] in module axi_rom is either unconnected or has no load
WARNING: [Synth 8-7129] Port axi_araddr[15] in module axi_rom is either unconnected or has no load
WARNING: [Synth 8-7129] Port axi_araddr[14] in module axi_rom is either unconnected or has no load
WARNING: [Synth 8-7129] Port axi_araddr[1] in module axi_rom is either unconnected or has no load
WARNING: [Synth 8-7129] Port axi_araddr[0] in module axi_rom is either unconnected or has no load
WARNING: [Synth 8-7129] Port pcpi_insn[24] in module picorv32_pcpi_div is either unconnected or has no load
WARNING: [Synth 8-7129] Port pcpi_insn[23] in module picorv32_pcpi_div is either unconnected or has no load
WARNING: [Synth 8-7129] Port pcpi_insn[22] in module picorv32_pcpi_div is either unconnected or has no load
WARNING: [Synth 8-7129] Port pcpi_insn[21] in module picorv32_pcpi_div is either unconnected or has no load
WARNING: [Synth 8-7129] Port pcpi_insn[20] in module picorv32_pcpi_div is either unconnected or has no load
WARNING: [Synth 8-7129] Port pcpi_insn[19] in module picorv32_pcpi_div is either unconnected or has no load
WARNING: [Synth 8-7129] Port pcpi_insn[18] in module picorv32_pcpi_div is either unconnected or has no load
WARNING: [Synth 8-7129] Port pcpi_insn[17] in module picorv32_pcpi_div is either unconnected or has no load
WARNING: [Synth 8-7129] Port pcpi_insn[16] in module picorv32_pcpi_div is either unconnected or has no load
WARNING: [Synth 8-7129] Port pcpi_insn[15] in module picorv32_pcpi_div is either unconnected or has no load
WARNING: [Synth 8-7129] Port pcpi_insn[11] in module picorv32_pcpi_div is either unconnected or has no load
WARNING: [Synth 8-7129] Port pcpi_insn[10] in module picorv32_pcpi_div is either unconnected or has no load
WARNING: [Synth 8-7129] Port pcpi_insn[9] in module picorv32_pcpi_div is either unconnected or has no load
WARNING: [Synth 8-7129] Port pcpi_insn[8] in module picorv32_pcpi_div is either unconnected or has no load
WARNING: [Synth 8-7129] Port pcpi_insn[7] in module picorv32_pcpi_div is either unconnected or has no load
WARNING: [Synth 8-7129] Port pcpi_wr in module picorv32 is either unconnected or has no load
WARNING: [Synth 8-7129] Port pcpi_rd[31] in module picorv32 is either unconnected or has no load
WARNING: [Synth 8-7129] Port pcpi_rd[30] in module picorv32 is either unconnected or has no load
WARNING: [Synth 8-7129] Port pcpi_rd[29] in module picorv32 is either unconnected or has no load
WARNING: [Synth 8-7129] Port pcpi_rd[28] in module picorv32 is either unconnected or has no load
WARNING: [Synth 8-7129] Port pcpi_rd[27] in module picorv32 is either unconnected or has no load
WARNING: [Synth 8-7129] Port pcpi_rd[26] in module picorv32 is either unconnected or has no load
WARNING: [Synth 8-7129] Port pcpi_rd[25] in module picorv32 is either unconnected or has no load
WARNING: [Synth 8-7129] Port pcpi_rd[24] in module picorv32 is either unconnected or has no load
WARNING: [Synth 8-7129] Port pcpi_rd[23] in module picorv32 is either unconnected or has no load
WARNING: [Synth 8-7129] Port pcpi_rd[22] in module picorv32 is either unconnected or has no load
WARNING: [Synth 8-7129] Port pcpi_rd[21] in module picorv32 is either unconnected or has no load
WARNING: [Synth 8-7129] Port pcpi_rd[20] in module picorv32 is either unconnected or has no load
WARNING: [Synth 8-7129] Port pcpi_rd[19] in module picorv32 is either unconnected or has no load
WARNING: [Synth 8-7129] Port pcpi_rd[18] in module picorv32 is either unconnected or has no load
WARNING: [Synth 8-7129] Port pcpi_rd[17] in module picorv32 is either unconnected or has no load
WARNING: [Synth 8-7129] Port pcpi_rd[16] in module picorv32 is either unconnected or has no load
WARNING: [Synth 8-7129] Port pcpi_rd[15] in module picorv32 is either unconnected or has no load
WARNING: [Synth 8-7129] Port pcpi_rd[14] in module picorv32 is either unconnected or has no load
WARNING: [Synth 8-7129] Port pcpi_rd[13] in module picorv32 is either unconnected or has no load
WARNING: [Synth 8-7129] Port pcpi_rd[12] in module picorv32 is either unconnected or has no load
WARNING: [Synth 8-7129] Port pcpi_rd[11] in module picorv32 is either unconnected or has no load
WARNING: [Synth 8-7129] Port pcpi_rd[10] in module picorv32 is either unconnected or has no load
WARNING: [Synth 8-7129] Port pcpi_rd[9] in module picorv32 is either unconnected or has no load
WARNING: [Synth 8-7129] Port pcpi_rd[8] in module picorv32 is either unconnected or has no load
INFO: [Common 17-14] Message 'Synth 8-7129' appears 100 times and further instances of the messages will be disabled. Use the Tcl command set_msg_config to change the current settings.
---------------------------------------------------------------------------------
Finished RTL Elaboration : Time (s): cpu = 00:00:22 ; elapsed = 00:00:24 . Memory (MB): peak = 2629.055 ; gain = 958.047 ; free physical = 364 ; free virtual = 18595
---------------------------------------------------------------------------------
---------------------------------------------------------------------------------
Start Handling Custom Attributes
---------------------------------------------------------------------------------
---------------------------------------------------------------------------------
Finished Handling Custom Attributes : Time (s): cpu = 00:00:24 ; elapsed = 00:00:26 . Memory (MB): peak = 2629.055 ; gain = 958.047 ; free physical = 291 ; free virtual = 18563
---------------------------------------------------------------------------------
---------------------------------------------------------------------------------
Finished RTL Optimization Phase 1 : Time (s): cpu = 00:00:24 ; elapsed = 00:00:26 . Memory (MB): peak = 2629.055 ; gain = 958.047 ; free physical = 291 ; free virtual = 18563
---------------------------------------------------------------------------------
Netlist sorting complete. Time (s): cpu = 00:00:05 ; elapsed = 00:00:05 . Memory (MB): peak = 2629.055 ; gain = 0.000 ; free physical = 279 ; free virtual = 18652
INFO: [Project 1-570] Preparing netlist for logic optimization

Processing XDC Constraints
Initializing timing engine
Parsing XDC File [/home/abid/Github/picorv32_learn/viv/xdc/nexys7_picorv32.xdc]
Finished Parsing XDC File [/home/abid/Github/picorv32_learn/viv/xdc/nexys7_picorv32.xdc]
INFO: [Project 1-236] Implementation specific constraints were found while reading constraint file [/home/abid/Github/picorv32_learn/viv/xdc/nexys7_picorv32.xdc]. These constraints will be ignored for synthesis but will be used in implementation. Impacted constraints are listed in the file [.Xil/picorv32_soc_propImpl.xdc].
Resolution: To avoid this warning, move constraints listed in [.Xil/picorv32_soc_propImpl.xdc] to another XDC file and exclude this new file from synthesis with the used_in_synthesis property (File Properties dialog in GUI) and re-run elaboration/synthesis.
Completed Processing XDC Constraints

Netlist sorting complete. Time (s): cpu = 00:00:00.06 ; elapsed = 00:00:00.05 . Memory (MB): peak = 2859.824 ; gain = 0.000 ; free physical = 151 ; free virtual = 18549
INFO: [Project 1-111] Unisim Transformation Summary:
No Unisim elements were transformed.

Constraint Validation Runtime : Time (s): cpu = 00:00:00.5 ; elapsed = 00:00:00.5 . Memory (MB): peak = 2871.746 ; gain = 0.000 ; free physical = 124 ; free virtual = 18553
---------------------------------------------------------------------------------
Finished Constraint Validation : Time (s): cpu = 00:01:22 ; elapsed = 00:01:22 . Memory (MB): peak = 2871.746 ; gain = 1200.738 ; free physical = 117 ; free virtual = 15628
---------------------------------------------------------------------------------
---------------------------------------------------------------------------------
Start Loading Part and Timing Information
---------------------------------------------------------------------------------
Loading part: xc7a100tcsg324-3
---------------------------------------------------------------------------------
Finished Loading Part and Timing Information : Time (s): cpu = 00:01:22 ; elapsed = 00:01:22 . Memory (MB): peak = 2875.832 ; gain = 1204.824 ; free physical = 121 ; free virtual = 15586
---------------------------------------------------------------------------------
---------------------------------------------------------------------------------
Start Applying 'set_property' XDC Constraints
---------------------------------------------------------------------------------
---------------------------------------------------------------------------------
Finished applying 'set_property' XDC Constraints : Time (s): cpu = 00:01:22 ; elapsed = 00:01:22 . Memory (MB): peak = 2875.832 ; gain = 1204.824 ; free physical = 122 ; free virtual = 15576
---------------------------------------------------------------------------------
INFO: [Synth 8-802] inferred FSM for state register 'mem_state_reg' in module 'picorv32'
WARNING: [Synth 8-3936] Found unconnected internal register 'rd_addr_reg' and it is trimmed from '12' to '10' bits. [/home/abid/Github/picorv32_learn/rtl/axi_ram.v:54]
INFO: [Synth 8-802] inferred FSM for state register 'state_reg' in module 'axi_ram'
INFO: [Synth 8-802] inferred FSM for state register 'state_reg' in module 'axi4_lite_interconnect_m1s3'
---------------------------------------------------------------------------------------------------
                   State |                     New Encoding |                Previous Encoding 
---------------------------------------------------------------------------------------------------
                 iSTATE2 |                               00 |                               00
                 iSTATE0 |                               01 |                               10
                  iSTATE |                               10 |                               01
                 iSTATE1 |                               11 |                               11
---------------------------------------------------------------------------------------------------
INFO: [Synth 8-3354] encoded FSM with state register 'mem_state_reg' using encoding 'sequential' in module 'picorv32'
---------------------------------------------------------------------------------------------------
                   State |                     New Encoding |                Previous Encoding 
---------------------------------------------------------------------------------------------------
                  iSTATE |                              010 |                               00
                 iSTATE1 |                              100 |                               01
                 iSTATE0 |                              001 |                               10
---------------------------------------------------------------------------------------------------
INFO: [Synth 8-3354] encoded FSM with state register 'state_reg' using encoding 'one-hot' in module 'axi_ram'
---------------------------------------------------------------------------------------------------
                   State |                     New Encoding |                Previous Encoding 
---------------------------------------------------------------------------------------------------
                    IDLE |                               00 |                              000
                   WRITE |                               01 |                              001
                    READ |                               10 |                              010
---------------------------------------------------------------------------------------------------
INFO: [Synth 8-3354] encoded FSM with state register 'state_reg' using encoding 'sequential' in module 'axi4_lite_interconnect_m1s3'
---------------------------------------------------------------------------------
Finished RTL Optimization Phase 2 : Time (s): cpu = 00:02:17 ; elapsed = 00:02:25 . Memory (MB): peak = 2883.836 ; gain = 1212.828 ; free physical = 180 ; free virtual = 13053
---------------------------------------------------------------------------------
---------------------------------------------------------------------------------
Start RTL Component Statistics 
---------------------------------------------------------------------------------
Detailed RTL Component Info : 
+---Adders : 
	   2 Input   63 Bit       Adders := 1     
	   2 Input   32 Bit       Adders := 11    
	   3 Input   32 Bit       Adders := 1     
	   2 Input    5 Bit       Adders := 1     
	   2 Input    4 Bit       Adders := 1     
+---XORs : 
	   2 Input     32 Bit         XORs := 1     
+---Registers : 
	               63 Bit    Registers := 1     
	               36 Bit    Registers := 1     
	               32 Bit    Registers := 2097  
	               11 Bit    Registers := 1     
	               10 Bit    Registers := 2     
	                8 Bit    Registers := 1     
	                5 Bit    Registers := 5     
	                4 Bit    Registers := 2     
	                3 Bit    Registers := 1     
	                2 Bit    Registers := 2     
	                1 Bit    Registers := 92    
+---ROMs : 
	                    ROMs := 1     
+---Muxes : 
	   2 Input   63 Bit        Muxes := 2     
	   2 Input   32 Bit        Muxes := 4070  
	   3 Input   32 Bit        Muxes := 2050  
	   5 Input   32 Bit        Muxes := 1     
	   6 Input   32 Bit        Muxes := 1     
	   4 Input   32 Bit        Muxes := 6     
	   2 Input   16 Bit        Muxes := 1     
	   2 Input    8 Bit        Muxes := 8194  
	   4 Input    8 Bit        Muxes := 2     
	   5 Input    4 Bit        Muxes := 1     
	   2 Input    4 Bit        Muxes := 4     
	   4 Input    4 Bit        Muxes := 1     
	   3 Input    4 Bit        Muxes := 1     
	   3 Input    3 Bit        Muxes := 2     
	   2 Input    3 Bit        Muxes := 6     
	   4 Input    2 Bit        Muxes := 5     
	   2 Input    2 Bit        Muxes := 13    
	   6 Input    2 Bit        Muxes := 1     
	   3 Input    2 Bit        Muxes := 1     
	   3 Input    1 Bit        Muxes := 7     
	   2 Input    1 Bit        Muxes := 75    
	   4 Input    1 Bit        Muxes := 18    
	   7 Input    1 Bit        Muxes := 4     
---------------------------------------------------------------------------------
Finished RTL Component Statistics 
---------------------------------------------------------------------------------
---------------------------------------------------------------------------------
Start Part Resource Summary
---------------------------------------------------------------------------------
Part Resources:
DSPs: 240 (col length:80)
BRAMs: 270 (col length: RAMB18 80 RAMB36 40)
---------------------------------------------------------------------------------
Finished Part Resource Summary
---------------------------------------------------------------------------------
---------------------------------------------------------------------------------
Start Cross Boundary and Area Optimization
---------------------------------------------------------------------------------
WARNING: [Synth 8-3936] Found unconnected internal register 'rom/read_addr_reg' and it is trimmed from '11' to '8' bits. [/home/abid/Github/picorv32_learn/rtl/axi_rom.v:181]
INFO: [Synth 8-3886] merging instance 'cpu/picorv32_core/decoded_rs2_reg[0]' (FDE) to 'cpu/picorv32_core/decoded_imm_j_reg[11]'
INFO: [Synth 8-3886] merging instance 'cpu/picorv32_core/decoded_rs2_reg[1]' (FDE) to 'cpu/picorv32_core/decoded_imm_j_reg[1]'
INFO: [Synth 8-3886] merging instance 'cpu/picorv32_core/decoded_rs2_reg[2]' (FDE) to 'cpu/picorv32_core/decoded_imm_j_reg[2]'
INFO: [Synth 8-3886] merging instance 'cpu/picorv32_core/decoded_rs2_reg[3]' (FDE) to 'cpu/picorv32_core/decoded_imm_j_reg[3]'
INFO: [Synth 8-3886] merging instance 'cpu/picorv32_core/decoded_rs2_reg[4]' (FDE) to 'cpu/picorv32_core/decoded_imm_j_reg[4]'
INFO: [Synth 8-3886] merging instance 'cpu/picorv32_core/decoded_imm_j_reg[31]' (FDE) to 'cpu/picorv32_core/decoded_imm_j_reg[20]'
INFO: [Synth 8-3886] merging instance 'cpu/picorv32_core/decoded_imm_j_reg[30]' (FDE) to 'cpu/picorv32_core/decoded_imm_j_reg[20]'
INFO: [Synth 8-3333] propagating constant 0 across sequential element (\cpu/picorv32_core /\decoded_imm_j_reg[0] )
INFO: [Synth 8-3886] merging instance 'cpu/picorv32_core/decoded_imm_j_reg[15]' (FDE) to 'cpu/picorv32_core/decoded_rs1_reg[0]'
INFO: [Synth 8-3886] merging instance 'cpu/picorv32_core/decoded_imm_j_reg[16]' (FDE) to 'cpu/picorv32_core/decoded_rs1_reg[1]'
INFO: [Synth 8-3886] merging instance 'cpu/picorv32_core/decoded_imm_j_reg[17]' (FDE) to 'cpu/picorv32_core/decoded_rs1_reg[2]'
INFO: [Synth 8-3886] merging instance 'cpu/picorv32_core/decoded_imm_j_reg[18]' (FDE) to 'cpu/picorv32_core/decoded_rs1_reg[3]'
INFO: [Synth 8-3886] merging instance 'cpu/picorv32_core/decoded_imm_j_reg[19]' (FDE) to 'cpu/picorv32_core/decoded_rs1_reg[4]'
INFO: [Synth 8-3886] merging instance 'cpu/picorv32_core/decoded_imm_j_reg[20]' (FDE) to 'cpu/picorv32_core/decoded_imm_j_reg[21]'
INFO: [Synth 8-3886] merging instance 'cpu/picorv32_core/decoded_imm_j_reg[21]' (FDE) to 'cpu/picorv32_core/decoded_imm_j_reg[22]'
INFO: [Synth 8-3886] merging instance 'cpu/picorv32_core/decoded_imm_j_reg[22]' (FDE) to 'cpu/picorv32_core/decoded_imm_j_reg[23]'
INFO: [Synth 8-3886] merging instance 'cpu/picorv32_core/decoded_imm_j_reg[23]' (FDE) to 'cpu/picorv32_core/decoded_imm_j_reg[24]'
INFO: [Synth 8-3886] merging instance 'cpu/picorv32_core/decoded_imm_j_reg[24]' (FDE) to 'cpu/picorv32_core/decoded_imm_j_reg[25]'
INFO: [Synth 8-3886] merging instance 'cpu/picorv32_core/decoded_imm_j_reg[25]' (FDE) to 'cpu/picorv32_core/decoded_imm_j_reg[26]'
INFO: [Synth 8-3886] merging instance 'cpu/picorv32_core/decoded_imm_j_reg[26]' (FDE) to 'cpu/picorv32_core/decoded_imm_j_reg[27]'
INFO: [Synth 8-3886] merging instance 'cpu/picorv32_core/decoded_imm_j_reg[27]' (FDE) to 'cpu/picorv32_core/decoded_imm_j_reg[28]'
INFO: [Synth 8-3886] merging instance 'cpu/picorv32_core/decoded_imm_j_reg[28]' (FDE) to 'cpu/picorv32_core/decoded_imm_j_reg[29]'
INFO: [Synth 8-3333] propagating constant 0 across sequential element (\cpu/picorv32_core /do_waitirq_reg)
INFO: [Synth 8-3333] propagating constant 0 across sequential element (\cpu/picorv32_core /\cpu_state_reg[4] )
INFO: [Synth 8-3333] propagating constant 0 across sequential element (\cpu/picorv32_core /instr_retirq_reg)
INFO: [Synth 8-3333] propagating constant 0 across sequential element (\cpu/picorv32_core /instr_getq_reg)
INFO: [Synth 8-3886] merging instance 'cpu/picorv32_core/mem_addr_reg[1]' (FDE) to 'cpu/picorv32_core/mem_addr_reg[0]'
INFO: [Synth 8-3333] propagating constant 0 across sequential element (\cpu/picorv32_core /\mem_addr_reg[0] )
INFO: [Synth 8-3333] propagating constant 0 across sequential element (\cpu/picorv32_core /latched_compr_reg)
INFO: [Synth 8-3886] merging instance 'cpu/picorv32_core/reg_next_pc_reg[0]' (FDRE) to 'cpu/picorv32_core/reg_pc_reg[0]'
INFO: [Synth 8-3333] propagating constant 0 across sequential element (\cpu/picorv32_core /\cpuregs_reg[0][2] )
INFO: [Synth 8-3333] propagating constant 0 across sequential element (\cpu/picorv32_core /\cpuregs_reg[0][3] )
INFO: [Synth 8-3333] propagating constant 0 across sequential element (\cpu/picorv32_core /\cpuregs_reg[0][4] )
INFO: [Synth 8-3333] propagating constant 0 across sequential element (\cpu/picorv32_core /\cpuregs_reg[0][5] )
INFO: [Synth 8-3333] propagating constant 0 across sequential element (\cpu/picorv32_core /\cpuregs_reg[0][6] )
INFO: [Synth 8-3333] propagating constant 0 across sequential element (\cpu/picorv32_core /\cpuregs_reg[0][7] )
INFO: [Synth 8-3333] propagating constant 0 across sequential element (\cpu/picorv32_core /\cpuregs_reg[0][8] )
INFO: [Synth 8-3333] propagating constant 0 across sequential element (\cpu/picorv32_core /\cpuregs_reg[0][9] )
INFO: [Synth 8-3333] propagating constant 0 across sequential element (\cpu/picorv32_core /\cpuregs_reg[0][10] )
INFO: [Synth 8-3333] propagating constant 0 across sequential element (\cpu/picorv32_core /\cpuregs_reg[0][11] )
INFO: [Synth 8-3333] propagating constant 0 across sequential element (\cpu/picorv32_core /\cpuregs_reg[0][12] )
INFO: [Synth 8-3333] propagating constant 0 across sequential element (\cpu/picorv32_core /\cpuregs_reg[0][13] )
INFO: [Synth 8-3333] propagating constant 0 across sequential element (\cpu/picorv32_core /\cpuregs_reg[0][14] )
INFO: [Synth 8-3333] propagating constant 0 across sequential element (\cpu/picorv32_core /\cpuregs_reg[0][15] )
INFO: [Synth 8-3333] propagating constant 0 across sequential element (\cpu/picorv32_core /\cpuregs_reg[0][16] )
INFO: [Synth 8-3333] propagating constant 0 across sequential element (\cpu/picorv32_core /\cpuregs_reg[0][17] )
INFO: [Synth 8-3333] propagating constant 0 across sequential element (\cpu/picorv32_core /\cpuregs_reg[0][18] )
INFO: [Synth 8-3333] propagating constant 0 across sequential element (\cpu/picorv32_core /\cpuregs_reg[0][19] )
INFO: [Synth 8-3333] propagating constant 0 across sequential element (\cpu/picorv32_core /\cpuregs_reg[0][20] )
INFO: [Synth 8-3333] propagating constant 0 across sequential element (\cpu/picorv32_core /\cpuregs_reg[0][21] )
INFO: [Synth 8-3333] propagating constant 0 across sequential element (\cpu/picorv32_core /\cpuregs_reg[0][22] )
INFO: [Synth 8-3333] propagating constant 0 across sequential element (\cpu/picorv32_core /\cpuregs_reg[0][23] )
INFO: [Synth 8-3333] propagating constant 0 across sequential element (\cpu/picorv32_core /\cpuregs_reg[0][24] )
INFO: [Synth 8-3333] propagating constant 0 across sequential element (\cpu/picorv32_core /\cpuregs_reg[0][25] )
INFO: [Synth 8-3333] propagating constant 0 across sequential element (\cpu/picorv32_core /\cpuregs_reg[0][26] )
INFO: [Synth 8-3333] propagating constant 0 across sequential element (\cpu/picorv32_core /\cpuregs_reg[0][31] )
INFO: [Synth 8-3333] propagating constant 0 across sequential element (\cpu/picorv32_core /\cpuregs_reg[0][27] )
INFO: [Synth 8-3333] propagating constant 0 across sequential element (\cpu/picorv32_core /\cpuregs_reg[0][28] )
INFO: [Synth 8-3333] propagating constant 0 across sequential element (\cpu/picorv32_core /\cpuregs_reg[0][29] )
INFO: [Synth 8-3333] propagating constant 0 across sequential element (\cpu/picorv32_core /\cpuregs_reg[0][30] )
INFO: [Synth 8-3333] propagating constant 0 across sequential element (\cpu/picorv32_core /\cpuregs_reg[0][0] )
INFO: [Synth 8-3333] propagating constant 0 across sequential element (\cpu/picorv32_core /\cpuregs_reg[0][1] )
---------------------------------------------------------------------------------
Finished Cross Boundary and Area Optimization : Time (s): cpu = 00:03:20 ; elapsed = 00:03:36 . Memory (MB): peak = 2895.762 ; gain = 1224.754 ; free physical = 163 ; free virtual = 11512
---------------------------------------------------------------------------------
---------------------------------------------------------------------------------
Start Applying XDC Timing Constraints
---------------------------------------------------------------------------------
---------------------------------------------------------------------------------
Finished Applying XDC Timing Constraints : Time (s): cpu = 00:06:21 ; elapsed = 00:04:18 . Memory (MB): peak = 2895.762 ; gain = 1224.754 ; free physical = 187 ; free virtual = 13365
---------------------------------------------------------------------------------
---------------------------------------------------------------------------------
Start Timing Optimization
---------------------------------------------------------------------------------
---------------------------------------------------------------------------------
Finished Timing Optimization : Time (s): cpu = 00:11:42 ; elapsed = 00:09:45 . Memory (MB): peak = 3192.020 ; gain = 1521.012 ; free physical = 194 ; free virtual = 14135
---------------------------------------------------------------------------------
---------------------------------------------------------------------------------
Start Technology Mapping
---------------------------------------------------------------------------------
INFO: [Synth 8-7052] The timing for the instance i_7/rom/read_addr_reg (implemented as a Block RAM) might be sub-optimal as no optional output register could be merged into the ram block. Providing additional output register may help in improving timing.
INFO: [Synth 8-7052] The timing for the instance i_7/rom/read_addr_reg (implemented as a Block RAM) might be sub-optimal as no optional output register could be merged into the ram block. Providing additional output register may help in improving timing.
---------------------------------------------------------------------------------
Finished Technology Mapping : Time (s): cpu = 00:12:12 ; elapsed = 00:10:35 . Memory (MB): peak = 3232.086 ; gain = 1561.078 ; free physical = 177 ; free virtual = 12588
---------------------------------------------------------------------------------
---------------------------------------------------------------------------------
Start IO Insertion
---------------------------------------------------------------------------------
---------------------------------------------------------------------------------
Start Flattening Before IO Insertion
---------------------------------------------------------------------------------
---------------------------------------------------------------------------------
Finished Flattening Before IO Insertion
---------------------------------------------------------------------------------
---------------------------------------------------------------------------------
Start Final Netlist Cleanup
---------------------------------------------------------------------------------
INFO: [Synth 8-7052] The timing for the instance rom/read_addr_reg (implemented as a Block RAM) might be sub-optimal as no optional output register could be merged into the ram block. Providing additional output register may help in improving timing.
INFO: [Synth 8-7052] The timing for the instance rom/read_addr_reg (implemented as a Block RAM) might be sub-optimal as no optional output register could be merged into the ram block. Providing additional output register may help in improving timing.
---------------------------------------------------------------------------------
Finished Final Netlist Cleanup
---------------------------------------------------------------------------------
---------------------------------------------------------------------------------
Finished IO Insertion : Time (s): cpu = 00:13:49 ; elapsed = 00:12:18 . Memory (MB): peak = 3305.977 ; gain = 1634.969 ; free physical = 132 ; free virtual = 12242
---------------------------------------------------------------------------------
---------------------------------------------------------------------------------
Start Renaming Generated Instances
---------------------------------------------------------------------------------
---------------------------------------------------------------------------------
Finished Renaming Generated Instances : Time (s): cpu = 00:13:50 ; elapsed = 00:12:18 . Memory (MB): peak = 3305.977 ; gain = 1634.969 ; free physical = 131 ; free virtual = 12244
---------------------------------------------------------------------------------
---------------------------------------------------------------------------------
Start Rebuilding User Hierarchy
---------------------------------------------------------------------------------
---------------------------------------------------------------------------------
Finished Rebuilding User Hierarchy : Time (s): cpu = 00:14:08 ; elapsed = 00:12:37 . Memory (MB): peak = 3305.977 ; gain = 1634.969 ; free physical = 217 ; free virtual = 12262
---------------------------------------------------------------------------------
---------------------------------------------------------------------------------
Start Renaming Generated Ports
---------------------------------------------------------------------------------
---------------------------------------------------------------------------------
Finished Renaming Generated Ports : Time (s): cpu = 00:14:16 ; elapsed = 00:12:45 . Memory (MB): peak = 3305.977 ; gain = 1634.969 ; free physical = 205 ; free virtual = 12253
---------------------------------------------------------------------------------
---------------------------------------------------------------------------------
Start Handling Custom Attributes
---------------------------------------------------------------------------------
---------------------------------------------------------------------------------
Finished Handling Custom Attributes : Time (s): cpu = 00:14:20 ; elapsed = 00:12:49 . Memory (MB): peak = 3305.977 ; gain = 1634.969 ; free physical = 195 ; free virtual = 12252
---------------------------------------------------------------------------------
---------------------------------------------------------------------------------
Start Renaming Generated Nets
---------------------------------------------------------------------------------
---------------------------------------------------------------------------------
Finished Renaming Generated Nets : Time (s): cpu = 00:14:21 ; elapsed = 00:12:50 . Memory (MB): peak = 3305.977 ; gain = 1634.969 ; free physical = 201 ; free virtual = 12261
---------------------------------------------------------------------------------
---------------------------------------------------------------------------------
Start Writing Synthesis Report
---------------------------------------------------------------------------------

Report BlackBoxes: 
+-+--------------+----------+
| |BlackBox name |Instances |
+-+--------------+----------+
+-+--------------+----------+

Report Cell Usage: 
+------+---------+------+
|      |Cell     |Count |
+------+---------+------+
|1     |BUFG     |     1|
|2     |CARRY4   |   131|
|3     |LUT1     |   135|
|4     |LUT2     |  1391|
|5     |LUT3     |  2061|
|6     |LUT4     |  1824|
|7     |LUT5     |  6043|
|8     |LUT6     | 22782|
|9     |MUXF7    |  8828|
|10    |MUXF8    |  3854|
|11    |RAMB18E1 |     1|
|12    |FDCE     |     2|
|13    |FDPE     |     3|
|14    |FDRE     | 67536|
|15    |FDSE     |    29|
|16    |IBUF     |     2|
|17    |OBUF     |     1|
|18    |OBUFT    |     1|
+------+---------+------+
---------------------------------------------------------------------------------
Finished Writing Synthesis Report : Time (s): cpu = 00:14:21 ; elapsed = 00:12:50 . Memory (MB): peak = 3305.977 ; gain = 1634.969 ; free physical = 199 ; free virtual = 12266
---------------------------------------------------------------------------------
Synthesis finished with 0 errors, 0 critical warnings and 70 warnings.
Synthesis Optimization Runtime : Time (s): cpu = 00:13:38 ; elapsed = 00:12:25 . Memory (MB): peak = 3309.891 ; gain = 1396.191 ; free physical = 3054 ; free virtual = 19390
Synthesis Optimization Complete : Time (s): cpu = 00:14:21 ; elapsed = 00:12:57 . Memory (MB): peak = 3309.891 ; gain = 1638.883 ; free physical = 3069 ; free virtual = 19388
INFO: [Project 1-571] Translating synthesized netlist
Netlist sorting complete. Time (s): cpu = 00:00:02 ; elapsed = 00:00:02 . Memory (MB): peak = 3309.891 ; gain = 0.000 ; free physical = 3034 ; free virtual = 19365
INFO: [Netlist 29-17] Analyzing 12814 Unisim elements for replacement
INFO: [Netlist 29-28] Unisim Transformation completed in 0 CPU seconds
INFO: [Project 1-570] Preparing netlist for logic optimization
Parsing XDC File [/home/abid/Github/picorv32_learn/viv/xdc/nexys7_picorv32.xdc]
Finished Parsing XDC File [/home/abid/Github/picorv32_learn/viv/xdc/nexys7_picorv32.xdc]
INFO: [Opt 31-138] Pushed 0 inverter(s) to 0 load pin(s).
Netlist sorting complete. Time (s): cpu = 00:00:00.05 ; elapsed = 00:00:00.05 . Memory (MB): peak = 3354.000 ; gain = 0.000 ; free physical = 2865 ; free virtual = 19315
INFO: [Project 1-111] Unisim Transformation Summary:
No Unisim elements were transformed.

Synth Design complete | Checksum: 969dc3f8
INFO: [Common 17-83] Releasing license: Synthesis
109 Infos, 191 Warnings, 0 Critical Warnings and 0 Errors encountered.
synth_design completed successfully
synth_design: Time (s): cpu = 00:14:58 ; elapsed = 00:13:35 . Memory (MB): peak = 3354.035 ; gain = 1792.301 ; free physical = 2768 ; free virtual = 19247
INFO: [Common 17-2834] synth_design peak Physical Memory [PSS] (MB): overall = 5050.892; main = 2075.819; forked = 4683.118
INFO: [Common 17-2834] synth_design peak Virtual Memory [VSS] (MB): overall = 17305.891; main = 3354.004; forked = 14414.047
# write_checkpoint -force $dir_out/post_synth.dcp
INFO: [Timing 38-480] Writing timing data to binary archive.
Wrote PlaceDB: Time (s): cpu = 00:00:00.01 ; elapsed = 00:00:00 . Memory (MB): peak = 3386.016 ; gain = 0.000 ; free physical = 2756 ; free virtual = 19243
Wrote PulsedLatchDB: Time (s): cpu = 00:00:00.01 ; elapsed = 00:00:00 . Memory (MB): peak = 3386.016 ; gain = 0.000 ; free physical = 2756 ; free virtual = 19244
Writing XDEF routing.
Writing XDEF routing logical nets.
Writing XDEF routing special nets.
Wrote RouteStorage: Time (s): cpu = 00:00:00.83 ; elapsed = 00:00:00.2 . Memory (MB): peak = 3386.016 ; gain = 0.000 ; free physical = 2733 ; free virtual = 19227
Wrote Netlist Cache: Time (s): cpu = 00:00:00.01 ; elapsed = 00:00:00 . Memory (MB): peak = 3386.016 ; gain = 0.000 ; free physical = 2733 ; free virtual = 19227
Wrote Device Cache: Time (s): cpu = 00:00:00.06 ; elapsed = 00:00:00.01 . Memory (MB): peak = 3386.016 ; gain = 0.000 ; free physical = 2733 ; free virtual = 19228
Write Physdb Complete: Time (s): cpu = 00:00:00.97 ; elapsed = 00:00:00.23 . Memory (MB): peak = 3386.016 ; gain = 0.000 ; free physical = 2733 ; free virtual = 19228
Write ShapeDB Complete: Time (s): cpu = 00:00:01 ; elapsed = 00:00:00.27 . Memory (MB): peak = 3386.016 ; gain = 0.000 ; free physical = 2730 ; free virtual = 19231
INFO: [Common 17-1381] The checkpoint '/home/abid/Github/picorv32_learn/viv/out/post_synth.dcp' has been generated.
write_checkpoint: Time (s): cpu = 00:00:19 ; elapsed = 00:00:16 . Memory (MB): peak = 3386.016 ; gain = 31.980 ; free physical = 2262 ; free virtual = 19125
# report_timing_summary -file $path_report/timing_syn.rpt
INFO: [Timing 38-35] Done setting XDC timing constraints.
INFO: [Timing 38-91] UpdateTimingParams: Speed grade: -3, Delay Type: min_max.
INFO: [Timing 38-191] Multithreading enabled for timing update using a maximum of 8 CPUs
report_timing_summary: Time (s): cpu = 00:01:02 ; elapsed = 00:00:26 . Memory (MB): peak = 3510.141 ; gain = 124.125 ; free physical = 2087 ; free virtual = 19313
# opt_design
Command: opt_design
Attempting to get a license for feature 'Implementation' and/or device 'xc7a100t'
INFO: [Common 17-349] Got license for feature 'Implementation' and/or device 'xc7a100t'
Running DRC as a precondition to command opt_design

Starting DRC Task
INFO: [DRC 23-27] Running DRC with 8 threads
INFO: [Project 1-461] DRC finished with 0 Errors
INFO: [Project 1-462] Please refer to the DRC report (report_drc) for more information.

Time (s): cpu = 00:00:04 ; elapsed = 00:00:01 . Memory (MB): peak = 3550.008 ; gain = 39.867 ; free physical = 2020 ; free virtual = 19280

Starting Cache Timing Information Task
Ending Cache Timing Information Task | Checksum: 260abb461

Time (s): cpu = 00:00:00.04 ; elapsed = 00:00:00.05 . Memory (MB): peak = 3550.008 ; gain = 0.000 ; free physical = 2016 ; free virtual = 19271

Starting Logic Optimization Task

Phase 1 Initialization

Phase 1.1 Core Generation And Design Setup
Phase 1.1 Core Generation And Design Setup | Checksum: 260abb461

Time (s): cpu = 00:00:00.1 ; elapsed = 00:00:00.09 . Memory (MB): peak = 3772.852 ; gain = 0.000 ; free physical = 1799 ; free virtual = 19067

Phase 1.2 Setup Constraints And Sort Netlist
Phase 1.2 Setup Constraints And Sort Netlist | Checksum: 260abb461

Time (s): cpu = 00:00:00.19 ; elapsed = 00:00:00.19 . Memory (MB): peak = 3772.852 ; gain = 0.000 ; free physical = 1799 ; free virtual = 19069
Phase 1 Initialization | Checksum: 260abb461

Time (s): cpu = 00:00:00.2 ; elapsed = 00:00:00.2 . Memory (MB): peak = 3772.852 ; gain = 0.000 ; free physical = 1799 ; free virtual = 19069

Phase 2 Timer Update And Timing Data Collection

Phase 2.1 Timer Update
Phase 2.1 Timer Update | Checksum: 260abb461

Time (s): cpu = 00:00:07 ; elapsed = 00:00:02 . Memory (MB): peak = 3772.852 ; gain = 0.000 ; free physical = 1809 ; free virtual = 19078

Phase 2.2 Timing Data Collection
Phase 2.2 Timing Data Collection | Checksum: 260abb461

Time (s): cpu = 00:00:08 ; elapsed = 00:00:02 . Memory (MB): peak = 3772.852 ; gain = 0.000 ; free physical = 1811 ; free virtual = 19084
Phase 2 Timer Update And Timing Data Collection | Checksum: 260abb461

Time (s): cpu = 00:00:08 ; elapsed = 00:00:02 . Memory (MB): peak = 3772.852 ; gain = 0.000 ; free physical = 1811 ; free virtual = 19084

Phase 3 Retarget
INFO: [Opt 31-1851] Number of loadless carry chains removed were: 0
INFO: [Opt 31-1834] Total Chains To Be Transformed Were: 0 AND Number of Transformed insts Created are: 0
INFO: [Opt 31-1566] Pulled 1 inverters resulting in an inversion of 48 pins
INFO: [Opt 31-138] Pushed 0 inverter(s) to 0 load pin(s).
INFO: [Opt 31-49] Retargeted 0 cell(s).
Phase 3 Retarget | Checksum: 1cd6ee8ca

Time (s): cpu = 00:00:10 ; elapsed = 00:00:05 . Memory (MB): peak = 3772.852 ; gain = 0.000 ; free physical = 1807 ; free virtual = 19084
Retarget | Checksum: 1cd6ee8ca
INFO: [Opt 31-389] Phase Retarget created 0 cells and removed 1 cells

Phase 4 Constant propagation
INFO: [Opt 31-138] Pushed 0 inverter(s) to 0 load pin(s).
Phase 4 Constant propagation | Checksum: 20439bc25

Time (s): cpu = 00:00:12 ; elapsed = 00:00:06 . Memory (MB): peak = 3772.852 ; gain = 0.000 ; free physical = 1806 ; free virtual = 19087
Constant propagation | Checksum: 20439bc25
INFO: [Opt 31-389] Phase Constant propagation created 0 cells and removed 0 cells

Phase 5 Sweep
INFO: [Constraints 18-11670] Building netlist checker database with flags, 0x8
Done building netlist checker database: Time (s): cpu = 00:00:00.03 ; elapsed = 00:00:00.04 . Memory (MB): peak = 3772.852 ; gain = 0.000 ; free physical = 1810 ; free virtual = 19099
Phase 5 Sweep | Checksum: 1df004241

Time (s): cpu = 00:00:14 ; elapsed = 00:00:08 . Memory (MB): peak = 3772.852 ; gain = 0.000 ; free physical = 1806 ; free virtual = 19091
Sweep | Checksum: 1df004241
INFO: [Opt 31-389] Phase Sweep created 1 cells and removed 0 cells

Phase 6 BUFG optimization
Phase 6 BUFG optimization | Checksum: 1df004241

Time (s): cpu = 00:00:16 ; elapsed = 00:00:10 . Memory (MB): peak = 3772.852 ; gain = 0.000 ; free physical = 1805 ; free virtual = 19088
BUFG optimization | Checksum: 1df004241
INFO: [Opt 31-662] Phase BUFG optimization created 0 cells of which 0 are BUFGs and removed 0 cells.

Phase 7 Shift Register Optimization
INFO: [Opt 31-1064] SRL Remap converted 0 SRLs to 0 registers and converted 0 registers of register chains to 0 SRLs
Phase 7 Shift Register Optimization | Checksum: 1df004241

Time (s): cpu = 00:00:16 ; elapsed = 00:00:10 . Memory (MB): peak = 3772.852 ; gain = 0.000 ; free physical = 1799 ; free virtual = 19088
Shift Register Optimization | Checksum: 1df004241
INFO: [Opt 31-389] Phase Shift Register Optimization created 0 cells and removed 0 cells

Phase 8 Post Processing Netlist
Phase 8 Post Processing Netlist | Checksum: 1748cafb5

Time (s): cpu = 00:00:17 ; elapsed = 00:00:10 . Memory (MB): peak = 3772.852 ; gain = 0.000 ; free physical = 1791 ; free virtual = 19086
Post Processing Netlist | Checksum: 1748cafb5
INFO: [Opt 31-389] Phase Post Processing Netlist created 0 cells and removed 0 cells

Phase 9 Finalization

Phase 9.1 Finalizing Design Cores and Updating Shapes
Phase 9.1 Finalizing Design Cores and Updating Shapes | Checksum: 243518547

Time (s): cpu = 00:00:17 ; elapsed = 00:00:11 . Memory (MB): peak = 3772.852 ; gain = 0.000 ; free physical = 1786 ; free virtual = 19094

Phase 9.2 Verifying Netlist Connectivity

Starting Connectivity Check Task

Time (s): cpu = 00:00:00.28 ; elapsed = 00:00:00.29 . Memory (MB): peak = 3772.852 ; gain = 0.000 ; free physical = 1782 ; free virtual = 19092
Phase 9.2 Verifying Netlist Connectivity | Checksum: 243518547

Time (s): cpu = 00:00:18 ; elapsed = 00:00:11 . Memory (MB): peak = 3772.852 ; gain = 0.000 ; free physical = 1782 ; free virtual = 19092
Phase 9 Finalization | Checksum: 243518547

Time (s): cpu = 00:00:18 ; elapsed = 00:00:11 . Memory (MB): peak = 3772.852 ; gain = 0.000 ; free physical = 1782 ; free virtual = 19094
Opt_design Change Summary
=========================


-------------------------------------------------------------------------------------------------------------------------
|  Phase                        |  #Cells created  |  #Cells Removed  |  #Constrained objects preventing optimizations  |
-------------------------------------------------------------------------------------------------------------------------
|  Retarget                     |               0  |               1  |                                              0  |
|  Constant propagation         |               0  |               0  |                                              0  |
|  Sweep                        |               1  |               0  |                                              0  |
|  BUFG optimization            |               0  |               0  |                                              0  |
|  Shift Register Optimization  |               0  |               0  |                                              0  |
|  Post Processing Netlist      |               0  |               0  |                                              0  |
-------------------------------------------------------------------------------------------------------------------------


Ending Logic Optimization Task | Checksum: 243518547

Time (s): cpu = 00:00:18 ; elapsed = 00:00:11 . Memory (MB): peak = 3772.852 ; gain = 0.000 ; free physical = 1782 ; free virtual = 19094

Starting Power Optimization Task
INFO: [Pwropt 34-132] Skipping clock gating for clocks with a period < 2.00 ns.
INFO: [Pwropt 34-9] Applying IDT optimizations ...
INFO: [Pwropt 34-10] Applying ODC optimizations ...
INFO: [Timing 38-35] Done setting XDC timing constraints.
Running Vector-less Activity Propagation...

Finished Running Vector-less Activity Propagation


Starting PowerOpt Patch Enables Task
INFO: [Pwropt 34-162] WRITE_MODE attribute of 0 BRAM(s) out of a total of 1 has been updated to save power. Run report_power_opt to get a complete listing of the BRAMs updated.
INFO: [Pwropt 34-201] Structural ODC has moved 0 WE to EN ports
Number of BRAM Ports augmented: 0 newly gated: 0 Total Ports: 2
Ending PowerOpt Patch Enables Task | Checksum: 243518547

Time (s): cpu = 00:00:00.42 ; elapsed = 00:00:00.42 . Memory (MB): peak = 4012.906 ; gain = 0.000 ; free physical = 1606 ; free virtual = 18972
Ending Power Optimization Task | Checksum: 243518547

Time (s): cpu = 00:00:47 ; elapsed = 00:00:14 . Memory (MB): peak = 4012.906 ; gain = 240.055 ; free physical = 1601 ; free virtual = 18972

Starting Final Cleanup Task
Ending Final Cleanup Task | Checksum: 243518547

Time (s): cpu = 00:00:00.01 ; elapsed = 00:00:00.01 . Memory (MB): peak = 4012.906 ; gain = 0.000 ; free physical = 1601 ; free virtual = 18972

Starting Netlist Obfuscation Task
Netlist sorting complete. Time (s): cpu = 00:00:00.06 ; elapsed = 00:00:00.06 . Memory (MB): peak = 4012.906 ; gain = 0.000 ; free physical = 1597 ; free virtual = 18973
Ending Netlist Obfuscation Task | Checksum: 243518547

Time (s): cpu = 00:00:00.07 ; elapsed = 00:00:00.07 . Memory (MB): peak = 4012.906 ; gain = 0.000 ; free physical = 1597 ; free virtual = 18973
INFO: [Common 17-83] Releasing license: Implementation
25 Infos, 0 Warnings, 0 Critical Warnings and 0 Errors encountered.
opt_design completed successfully
opt_design: Time (s): cpu = 00:01:14 ; elapsed = 00:00:32 . Memory (MB): peak = 4012.906 ; gain = 502.766 ; free physical = 1594 ; free virtual = 18974
# place_design
Command: place_design
Attempting to get a license for feature 'Implementation' and/or device 'xc7a100t'
INFO: [Common 17-349] Got license for feature 'Implementation' and/or device 'xc7a100t'
INFO: [Common 17-83] Releasing license: Implementation
INFO: [DRC 23-27] Running DRC with 8 threads
INFO: [Vivado_Tcl 4-198] DRC finished with 0 Errors
INFO: [Vivado_Tcl 4-199] Please refer to the DRC report (report_drc) for more information.
Running DRC as a precondition to command place_design
INFO: [DRC 23-27] Running DRC with 8 threads
INFO: [Vivado_Tcl 4-198] DRC finished with 0 Errors, 21 Warnings
INFO: [Vivado_Tcl 4-199] Please refer to the DRC report (report_drc) for more information.
INFO: [Place 30-611] Multithreading enabled for place_design using a maximum of 8 CPUs

Starting Placer Task

Phase 1 Placer Initialization

Phase 1.1 Placer Initialization Netlist Sorting
Netlist sorting complete. Time (s): cpu = 00:00:00.06 ; elapsed = 00:00:00.06 . Memory (MB): peak = 4012.906 ; gain = 0.000 ; free physical = 1600 ; free virtual = 18978
Phase 1.1 Placer Initialization Netlist Sorting | Checksum: 162db2a5b

Time (s): cpu = 00:00:00.07 ; elapsed = 00:00:00.07 . Memory (MB): peak = 4012.906 ; gain = 0.000 ; free physical = 1602 ; free virtual = 18980
Netlist sorting complete. Time (s): cpu = 00:00:00.05 ; elapsed = 00:00:00.05 . Memory (MB): peak = 4012.906 ; gain = 0.000 ; free physical = 1602 ; free virtual = 18984

Phase 1.2 IO Placement/ Clock Placement/ Build Placer Device
INFO: [Timing 38-35] Done setting XDC timing constraints.
Phase 1.2 IO Placement/ Clock Placement/ Build Placer Device | Checksum: 2026ab51b

Time (s): cpu = 00:00:20 ; elapsed = 00:00:08 . Memory (MB): peak = 4012.906 ; gain = 0.000 ; free physical = 1592 ; free virtual = 18982

Phase 1.3 Build Placer Netlist Model
WARNING: [Place 30-770] High register utilization is forcing place_design to place up to 8 registers per slice which may impact placement success and/or routing congestion.
Phase 1.3 Build Placer Netlist Model | Checksum: 24fd32530

Time (s): cpu = 00:01:07 ; elapsed = 00:00:27 . Memory (MB): peak = 4012.906 ; gain = 0.000 ; free physical = 1576 ; free virtual = 18980

Phase 1.4 Constrain Clocks/Macros
Phase 1.4 Constrain Clocks/Macros | Checksum: 24fd32530

Time (s): cpu = 00:01:07 ; elapsed = 00:00:28 . Memory (MB): peak = 4012.906 ; gain = 0.000 ; free physical = 1568 ; free virtual = 18983
Phase 1 Placer Initialization | Checksum: 24fd32530

Time (s): cpu = 00:01:08 ; elapsed = 00:00:28 . Memory (MB): peak = 4012.906 ; gain = 0.000 ; free physical = 1563 ; free virtual = 18988

Phase 2 Global Placement

Phase 2.1 Floorplanning
Phase 2.1 Floorplanning | Checksum: 2d2e7170e

Time (s): cpu = 00:01:28 ; elapsed = 00:00:34 . Memory (MB): peak = 4012.906 ; gain = 0.000 ; free physical = 1509 ; free virtual = 18982

Phase 2.2 Update Timing before SLR Path Opt
Phase 2.2 Update Timing before SLR Path Opt | Checksum: 29c1b5da1

Time (s): cpu = 00:01:45 ; elapsed = 00:00:39 . Memory (MB): peak = 4012.906 ; gain = 0.000 ; free physical = 1517 ; free virtual = 18986

Phase 2.3 Post-Processing in Floorplanning
Phase 2.3 Post-Processing in Floorplanning | Checksum: 29c1b5da1

Time (s): cpu = 00:01:45 ; elapsed = 00:00:39 . Memory (MB): peak = 4012.906 ; gain = 0.000 ; free physical = 1512 ; free virtual = 18988

Phase 2.4 Global Place Phase1
Phase 2.4 Global Place Phase1 | Checksum: 1f6b4d2ce

Time (s): cpu = 00:04:12 ; elapsed = 00:01:39 . Memory (MB): peak = 4012.906 ; gain = 0.000 ; free physical = 1372 ; free virtual = 18919

Phase 2.5 Global Place Phase2

Phase 2.5.1 UpdateTiming Before Physical Synthesis
Phase 2.5.1 UpdateTiming Before Physical Synthesis | Checksum: 2636335df

Time (s): cpu = 00:04:33 ; elapsed = 00:01:44 . Memory (MB): peak = 4012.906 ; gain = 0.000 ; free physical = 1287 ; free virtual = 18885

Phase 2.5.2 Physical Synthesis In Placer
INFO: [Physopt 32-1035] Found 2 LUTNM shape to break, 1833 LUT instances to create LUTNM shape
INFO: [Physopt 32-1044] Break lutnm for timing: one critical 2, two critical 0, total 2, new lutff created 0
INFO: [Physopt 32-1138] End 1 Pass. Optimized 880 nets or LUTs. Breaked 2 LUTs, combined 878 existing LUTs and moved 0 existing LUT
INFO: [Physopt 32-1408] Pass 1. Identified 4 candidate nets for high-fanout optimization.
INFO: [Physopt 32-81] Processed net ram_output/rd_addr_reg_n_0_[1]. Replicated 48 times.
INFO: [Physopt 32-81] Processed net ram_output/rd_addr_reg_n_0_[0]. Replicated 47 times.
INFO: [Physopt 32-81] Processed net ram/rd_addr_reg_n_0_[1]. Replicated 47 times.
INFO: [Physopt 32-81] Processed net ram/rd_addr_reg_n_0_[0]. Replicated 47 times.
INFO: [Physopt 32-232] Optimized 4 nets. Created 189 new instances.
INFO: [Physopt 32-775] End 1 Pass. Optimized 4 nets or cells. Created 189 new cells, deleted 0 existing cell and moved 0 existing cell
Netlist sorting complete. Time (s): cpu = 00:00:01 ; elapsed = 00:00:01 . Memory (MB): peak = 4012.906 ; gain = 0.000 ; free physical = 1309 ; free virtual = 18951
INFO: [Physopt 32-456] No candidate cells for DSP register optimization found in the design.
INFO: [Physopt 32-775] End 2 Pass. Optimized 0 net or cell. Created 0 new cell, deleted 0 existing cell and moved 0 existing cell
INFO: [Physopt 32-1123] No candidate cells found for Shift Register to Pipeline optimization
INFO: [Physopt 32-775] End 2 Pass. Optimized 0 net or cell. Created 0 new cell, deleted 0 existing cell and moved 0 existing cell
INFO: [Physopt 32-1401] No candidate cells found for Shift Register optimization.
INFO: [Physopt 32-677] No candidate cells for Shift Register optimization found in the design
INFO: [Physopt 32-775] End 1 Pass. Optimized 0 net or cell. Created 0 new cell, deleted 0 existing cell and moved 0 existing cell
INFO: [Physopt 32-526] No candidate cells for BRAM register optimization found in the design
INFO: [Physopt 32-775] End 1 Pass. Optimized 0 net or cell. Created 0 new cell, deleted 0 existing cell and moved 0 existing cell
INFO: [Physopt 32-846] No candidate cells for URAM register optimization found in the design
INFO: [Physopt 32-775] End 1 Pass. Optimized 0 net or cell. Created 0 new cell, deleted 0 existing cell and moved 0 existing cell
INFO: [Physopt 32-846] No candidate cells for URAM register optimization found in the design
INFO: [Physopt 32-775] End 1 Pass. Optimized 0 net or cell. Created 0 new cell, deleted 0 existing cell and moved 0 existing cell
INFO: [Physopt 32-949] No candidate nets found for dynamic/static region interface net replication
INFO: [Physopt 32-775] End 1 Pass. Optimized 0 net or cell. Created 0 new cell, deleted 0 existing cell and moved 0 existing cell
Netlist sorting complete. Time (s): cpu = 00:00:00.05 ; elapsed = 00:00:00.06 . Memory (MB): peak = 4012.906 ; gain = 0.000 ; free physical = 1284 ; free virtual = 18946

Summary of Physical Synthesis Optimizations
============================================


-----------------------------------------------------------------------------------------------------------------------------------------------------------
|  Optimization                                     |  Added Cells  |  Removed Cells  |  Optimized Cells/Nets  |  Dont Touch  |  Iterations  |  Elapsed   |
-----------------------------------------------------------------------------------------------------------------------------------------------------------
|  LUT Combining                                    |            2  |            878  |                   880  |           0  |           1  |  00:00:07  |
|  Retime                                           |            0  |              0  |                     0  |           0  |           1  |  00:00:00  |
|  Very High Fanout                                 |          189  |              0  |                     4  |           0  |           1  |  00:00:15  |
|  DSP Register                                     |            0  |              0  |                     0  |           0  |           1  |  00:00:00  |
|  Shift Register to Pipeline                       |            0  |              0  |                     0  |           0  |           1  |  00:00:00  |
|  Shift Register                                   |            0  |              0  |                     0  |           0  |           1  |  00:00:00  |
|  BRAM Register                                    |            0  |              0  |                     0  |           0  |           1  |  00:00:00  |
|  URAM Register                                    |            0  |              0  |                     0  |           0  |           1  |  00:00:00  |
|  Dynamic/Static Region Interface Net Replication  |            0  |              0  |                     0  |           0  |           1  |  00:00:00  |
|  Total                                            |          191  |            878  |                   884  |           0  |           9  |  00:00:23  |
-----------------------------------------------------------------------------------------------------------------------------------------------------------


Phase 2.5.2 Physical Synthesis In Placer | Checksum: 214d0ee4b

Time (s): cpu = 00:05:17 ; elapsed = 00:02:16 . Memory (MB): peak = 4012.906 ; gain = 0.000 ; free physical = 1299 ; free virtual = 18942
Phase 2.5 Global Place Phase2 | Checksum: 207b96bf2

Time (s): cpu = 00:05:37 ; elapsed = 00:02:23 . Memory (MB): peak = 4012.906 ; gain = 0.000 ; free physical = 1247 ; free virtual = 18932
Phase 2 Global Placement | Checksum: 207b96bf2

Time (s): cpu = 00:05:37 ; elapsed = 00:02:23 . Memory (MB): peak = 4012.906 ; gain = 0.000 ; free physical = 1243 ; free virtual = 18938

Phase 3 Detail Placement

Phase 3.1 Commit Multi Column Macros
Phase 3.1 Commit Multi Column Macros | Checksum: 2748c32e2

Time (s): cpu = 00:06:01 ; elapsed = 00:02:29 . Memory (MB): peak = 4012.906 ; gain = 0.000 ; free physical = 1205 ; free virtual = 18913

Phase 3.2 Commit Most Macros & LUTRAMs
Phase 3.2 Commit Most Macros & LUTRAMs | Checksum: 2688fc8df

Time (s): cpu = 00:06:35 ; elapsed = 00:02:39 . Memory (MB): peak = 4012.906 ; gain = 0.000 ; free physical = 1116 ; free virtual = 18948

Phase 3.3 Area Swap Optimization
Phase 3.3 Area Swap Optimization | Checksum: 33a82f838

Time (s): cpu = 00:06:39 ; elapsed = 00:02:41 . Memory (MB): peak = 4012.906 ; gain = 0.000 ; free physical = 1117 ; free virtual = 18949

Phase 3.4 Pipeline Register Optimization
Phase 3.4 Pipeline Register Optimization | Checksum: 28c6b1e5e

Time (s): cpu = 00:06:40 ; elapsed = 00:02:41 . Memory (MB): peak = 4012.906 ; gain = 0.000 ; free physical = 1105 ; free virtual = 18946

Phase 3.5 Fast Optimization
Phase 3.5 Fast Optimization | Checksum: 33f64a39e

Time (s): cpu = 00:07:22 ; elapsed = 00:02:51 . Memory (MB): peak = 4012.906 ; gain = 0.000 ; free physical = 1103 ; free virtual = 18937

Phase 3.6 Small Shape Detail Placement
Phase 3.6 Small Shape Detail Placement | Checksum: 2b6876d4d

Time (s): cpu = 00:08:30 ; elapsed = 00:03:51 . Memory (MB): peak = 4012.906 ; gain = 0.000 ; free physical = 1082 ; free virtual = 18925

Phase 3.7 Re-assign LUT pins
Phase 3.7 Re-assign LUT pins | Checksum: 26e3f6cfa

Time (s): cpu = 00:08:36 ; elapsed = 00:03:56 . Memory (MB): peak = 4012.906 ; gain = 0.000 ; free physical = 1025 ; free virtual = 18894

Phase 3.8 Pipeline Register Optimization
Phase 3.8 Pipeline Register Optimization | Checksum: 2925ce2d7

Time (s): cpu = 00:08:37 ; elapsed = 00:03:56 . Memory (MB): peak = 4012.906 ; gain = 0.000 ; free physical = 1013 ; free virtual = 18893
Phase 3 Detail Placement | Checksum: 2925ce2d7

Time (s): cpu = 00:08:39 ; elapsed = 00:03:57 . Memory (MB): peak = 4012.906 ; gain = 0.000 ; free physical = 1011 ; free virtual = 18894

Phase 4 Post Placement Optimization and Clean-Up

Phase 4.1 Post Commit Optimization
INFO: [Timing 38-35] Done setting XDC timing constraints.

Phase 4.1.1 Post Placement Optimization
Post Placement Optimization Initialization | Checksum: 24ad05824

Phase 4.1.1.1 BUFG Insertion

Starting Physical Synthesis Task

Phase 1 Physical Synthesis Initialization
INFO: [Physopt 32-721] Multithreading enabled for phys_opt_design using a maximum of 8 CPUs
INFO: [Physopt 32-619] Estimated Timing Summary | WNS=-0.145 | TNS=-0.322 |
Phase 1 Physical Synthesis Initialization | Checksum: 1c60d7dc0

Time (s): cpu = 00:00:06 ; elapsed = 00:00:02 . Memory (MB): peak = 4012.906 ; gain = 0.000 ; free physical = 1018 ; free virtual = 18903
INFO: [Place 46-33] Processed net ram_output/SR[0], BUFG insertion was skipped due to placement/routing conflicts.
INFO: [Place 46-56] BUFG insertion identified 1 candidate nets. Inserted BUFG: 0, Replicated BUFG Driver: 0, Skipped due to Placement/Routing Conflicts: 1, Skipped due to Timing Degradation: 0, Skipped due to netlist editing failed: 0.
Ending Physical Synthesis Task | Checksum: 2325c281b

Time (s): cpu = 00:00:11 ; elapsed = 00:00:03 . Memory (MB): peak = 4012.906 ; gain = 0.000 ; free physical = 1025 ; free virtual = 18913
Phase 4.1.1.1 BUFG Insertion | Checksum: 24ad05824

Time (s): cpu = 00:09:47 ; elapsed = 00:04:14 . Memory (MB): peak = 4012.906 ; gain = 0.000 ; free physical = 1024 ; free virtual = 18912

Phase 4.1.1.2 Post Placement Timing Optimization
INFO: [Place 30-746] Post Placement Timing Summary WNS=0.503. For the most accurate timing information please run report_timing.
Phase 4.1.1.2 Post Placement Timing Optimization | Checksum: 1ea2a2600

Time (s): cpu = 00:10:04 ; elapsed = 00:04:27 . Memory (MB): peak = 4012.906 ; gain = 0.000 ; free physical = 1030 ; free virtual = 18917

Time (s): cpu = 00:10:04 ; elapsed = 00:04:27 . Memory (MB): peak = 4012.906 ; gain = 0.000 ; free physical = 1030 ; free virtual = 18917
Phase 4.1 Post Commit Optimization | Checksum: 1ea2a2600

Time (s): cpu = 00:10:06 ; elapsed = 00:04:27 . Memory (MB): peak = 4012.906 ; gain = 0.000 ; free physical = 1028 ; free virtual = 18917

Phase 4.2 Post Placement Cleanup
Phase 4.2 Post Placement Cleanup | Checksum: 1ea2a2600

Time (s): cpu = 00:10:09 ; elapsed = 00:04:28 . Memory (MB): peak = 4012.906 ; gain = 0.000 ; free physical = 1023 ; free virtual = 18916

Phase 4.3 Placer Reporting

Phase 4.3.1 Print Estimated Congestion
INFO: [Place 30-612] Post-Placement Estimated Congestion 
 ____________________________________________________
|           | Global Congestion | Short Congestion  |
| Direction | Region Size       | Region Size       |
|___________|___________________|___________________|
|      North|                1x1|                8x8|
|___________|___________________|___________________|
|      South|                1x1|                8x8|
|___________|___________________|___________________|
|       East|                1x1|                4x4|
|___________|___________________|___________________|
|       West|                1x1|                4x4|
|___________|___________________|___________________|

Phase 4.3.1 Print Estimated Congestion | Checksum: 1ea2a2600

Time (s): cpu = 00:10:11 ; elapsed = 00:04:29 . Memory (MB): peak = 4012.906 ; gain = 0.000 ; free physical = 1030 ; free virtual = 18924
Phase 4.3 Placer Reporting | Checksum: 1ea2a2600

Time (s): cpu = 00:10:12 ; elapsed = 00:04:30 . Memory (MB): peak = 4012.906 ; gain = 0.000 ; free physical = 1030 ; free virtual = 18922

Phase 4.4 Final Placement Cleanup
Netlist sorting complete. Time (s): cpu = 00:00:00.28 ; elapsed = 00:00:00.29 . Memory (MB): peak = 4012.906 ; gain = 0.000 ; free physical = 1026 ; free virtual = 18922

Time (s): cpu = 00:10:13 ; elapsed = 00:04:30 . Memory (MB): peak = 4012.906 ; gain = 0.000 ; free physical = 1026 ; free virtual = 18922
Phase 4 Post Placement Optimization and Clean-Up | Checksum: 22723fe2c

Time (s): cpu = 00:10:14 ; elapsed = 00:04:30 . Memory (MB): peak = 4012.906 ; gain = 0.000 ; free physical = 1025 ; free virtual = 18924
Ending Placer Task | Checksum: 1312b9641

Time (s): cpu = 00:10:16 ; elapsed = 00:04:31 . Memory (MB): peak = 4012.906 ; gain = 0.000 ; free physical = 1021 ; free virtual = 18915
42 Infos, 1 Warnings, 0 Critical Warnings and 0 Errors encountered.
place_design completed successfully
place_design: Time (s): cpu = 00:10:28 ; elapsed = 00:04:36 . Memory (MB): peak = 4012.906 ; gain = 0.000 ; free physical = 1021 ; free virtual = 18917
# write_checkpoint -force $dir_out/post_place.dcp
INFO: [Timing 38-480] Writing timing data to binary archive.
Write ShapeDB Complete: Time (s): cpu = 00:00:01 ; elapsed = 00:00:00.2 . Memory (MB): peak = 4012.906 ; gain = 0.000 ; free physical = 1012 ; free virtual = 18915
Wrote PlaceDB: Time (s): cpu = 00:00:16 ; elapsed = 00:00:07 . Memory (MB): peak = 4012.906 ; gain = 0.000 ; free physical = 924 ; free virtual = 18892
Wrote PulsedLatchDB: Time (s): cpu = 00:00:00 ; elapsed = 00:00:00 . Memory (MB): peak = 4012.906 ; gain = 0.000 ; free physical = 924 ; free virtual = 18892
Writing XDEF routing.
Writing XDEF routing logical nets.
Writing XDEF routing special nets.
Wrote RouteStorage: Time (s): cpu = 00:00:00.02 ; elapsed = 00:00:00.03 . Memory (MB): peak = 4012.906 ; gain = 0.000 ; free physical = 923 ; free virtual = 18891
Wrote Netlist Cache: Time (s): cpu = 00:00:00.18 ; elapsed = 00:00:00.19 . Memory (MB): peak = 4012.906 ; gain = 0.000 ; free physical = 892 ; free virtual = 18877
Wrote Device Cache: Time (s): cpu = 00:00:00.01 ; elapsed = 00:00:00.01 . Memory (MB): peak = 4012.906 ; gain = 0.000 ; free physical = 892 ; free virtual = 18877
Write Physdb Complete: Time (s): cpu = 00:00:16 ; elapsed = 00:00:07 . Memory (MB): peak = 4012.906 ; gain = 0.000 ; free physical = 892 ; free virtual = 18881
INFO: [Common 17-1381] The checkpoint '/home/abid/Github/picorv32_learn/viv/out/post_place.dcp' has been generated.
write_checkpoint: Time (s): cpu = 00:00:28 ; elapsed = 00:00:20 . Memory (MB): peak = 4012.906 ; gain = 0.000 ; free physical = 911 ; free virtual = 18852
# report_timing -file $path_report/timing_place.rpt
INFO: [Timing 38-91] UpdateTimingParams: Speed grade: -3, Delay Type: max.
INFO: [Timing 38-191] Multithreading enabled for timing update using a maximum of 8 CPUs
INFO: [Timing 38-78] ReportTimingParams: -max_paths 1 -nworst 1 -delay_type max -sort_by slack.
report_timing: Time (s): cpu = 00:00:55 ; elapsed = 00:00:10 . Memory (MB): peak = 4012.906 ; gain = 0.000 ; free physical = 961 ; free virtual = 18899
# phys_opt_design
Command: phys_opt_design
Attempting to get a license for feature 'Implementation' and/or device 'xc7a100t'
INFO: [Common 17-349] Got license for feature 'Implementation' and/or device 'xc7a100t'
INFO: [Vivado_Tcl 4-2279] Estimated Timing Summary | WNS= 0.503 | TNS= 0.000 | 
INFO: [Vivado_Tcl 4-383] Design worst setup slack (WNS) is greater than or equal to 0.000 ns. All physical synthesis setup optimizations will be skipped.
INFO: [Vivado_Tcl 4-232] No setup violation found. The netlist was not modified.
INFO: [Common 17-83] Releasing license: Implementation
5 Infos, 0 Warnings, 0 Critical Warnings and 0 Errors encountered.
phys_opt_design completed successfully
# route_design
Command: route_design
Attempting to get a license for feature 'Implementation' and/or device 'xc7a100t'
INFO: [Common 17-349] Got license for feature 'Implementation' and/or device 'xc7a100t'


Starting Routing Task
INFO: [Route 35-254] Multithreading enabled for route_design using a maximum of 8 CPUs

Phase 1 Build RT Design
Checksum: PlaceDB: 1b430d04 ConstDB: 0 ShapeSum: 641629a7 RouteDB: b1d25f96
Post Restoration Checksum: NetGraph: e547e603 | NumContArr: 4663297d | Constraints: c2a8fa9d | Timing: c2a8fa9d
Phase 1 Build RT Design | Checksum: 2b0fd04ba

Time (s): cpu = 00:01:34 ; elapsed = 00:00:46 . Memory (MB): peak = 4012.906 ; gain = 0.000 ; free physical = 938 ; free virtual = 18874

Phase 2 Router Initialization

Phase 2.1 Fix Topology Constraints
Phase 2.1 Fix Topology Constraints | Checksum: 2b0fd04ba

Time (s): cpu = 00:01:35 ; elapsed = 00:00:47 . Memory (MB): peak = 4012.906 ; gain = 0.000 ; free physical = 939 ; free virtual = 18880

Phase 2.2 Pre Route Cleanup
Phase 2.2 Pre Route Cleanup | Checksum: 2b0fd04ba

Time (s): cpu = 00:01:36 ; elapsed = 00:00:47 . Memory (MB): peak = 4012.906 ; gain = 0.000 ; free physical = 939 ; free virtual = 18882
 Number of Nodes with overlaps = 0

Phase 2.3 Update Timing
Phase 2.3 Update Timing | Checksum: 23fdfe42b

Time (s): cpu = 00:02:45 ; elapsed = 00:01:05 . Memory (MB): peak = 4012.906 ; gain = 0.000 ; free physical = 769 ; free virtual = 18706
INFO: [Route 35-416] Intermediate Timing Summary | WNS=0.537  | TNS=0.000  | WHS=-0.166 | THS=-56.067|


Phase 2.4 Soft Constraint Pins - Fast Budgeting
Phase 2.4 Soft Constraint Pins - Fast Budgeting | Checksum: 24d9e81f3

Time (s): cpu = 00:03:18 ; elapsed = 00:01:13 . Memory (MB): peak = 4012.906 ; gain = 0.000 ; free physical = 761 ; free virtual = 18706

Router Utilization Summary
  Global Vertical Routing Utilization    = 0 %
  Global Horizontal Routing Utilization  = 0 %
  Routable Net Status*
  *Does not include unroutable nets such as driverless and loadless.
  Run report_route_status for detailed report.
  Number of Failed Nets               = 88713
    (Failed Nets is the sum of unrouted and partially routed nets)
  Number of Unrouted Nets             = 88713
  Number of Partially Routed Nets     = 0
  Number of Node Overlaps             = 0

Phase 2 Router Initialization | Checksum: 23bb4cab0

Time (s): cpu = 00:03:21 ; elapsed = 00:01:14 . Memory (MB): peak = 4012.906 ; gain = 0.000 ; free physical = 775 ; free virtual = 18712

Phase 3 Global Routing
Phase 3 Global Routing | Checksum: 23bb4cab0

Time (s): cpu = 00:03:21 ; elapsed = 00:01:14 . Memory (MB): peak = 4012.906 ; gain = 0.000 ; free physical = 758 ; free virtual = 18708

Phase 4 Initial Routing

Phase 4.1 Initial Net Routing Pass
Phase 4.1 Initial Net Routing Pass | Checksum: 1b21eff4b

Time (s): cpu = 00:04:57 ; elapsed = 00:01:41 . Memory (MB): peak = 4081.332 ; gain = 68.426 ; free physical = 544 ; free virtual = 18491
Phase 4 Initial Routing | Checksum: 1b21eff4b

Time (s): cpu = 00:04:58 ; elapsed = 00:01:41 . Memory (MB): peak = 4081.332 ; gain = 68.426 ; free physical = 542 ; free virtual = 18494

Phase 5 Rip-up And Reroute

Phase 5.1 Global Iteration 0
 Number of Nodes with overlaps = 31176
 Number of Nodes with overlaps = 12383
 Number of Nodes with overlaps = 5227
 Number of Nodes with overlaps = 1898
 Number of Nodes with overlaps = 585
 Number of Nodes with overlaps = 149
 Number of Nodes with overlaps = 49
 Number of Nodes with overlaps = 22
 Number of Nodes with overlaps = 5
 Number of Nodes with overlaps = 3
 Number of Nodes with overlaps = 2
 Number of Nodes with overlaps = 2
 Number of Nodes with overlaps = 1
 Number of Nodes with overlaps = 2
 Number of Nodes with overlaps = 1
 Number of Nodes with overlaps = 0
INFO: [Route 35-416] Intermediate Timing Summary | WNS=0.292  | TNS=0.000  | WHS=N/A    | THS=N/A    |

Phase 5.1 Global Iteration 0 | Checksum: 342f33150

Time (s): cpu = 00:19:27 ; elapsed = 00:10:21 . Memory (MB): peak = 4081.332 ; gain = 68.426 ; free physical = 214 ; free virtual = 18396
Phase 5 Rip-up And Reroute | Checksum: 342f33150

Time (s): cpu = 00:19:27 ; elapsed = 00:10:21 . Memory (MB): peak = 4081.332 ; gain = 68.426 ; free physical = 202 ; free virtual = 18386

Phase 6 Delay and Skew Optimization

Phase 6.1 Delay CleanUp
Phase 6.1 Delay CleanUp | Checksum: 342f33150

Time (s): cpu = 00:19:28 ; elapsed = 00:10:22 . Memory (MB): peak = 4081.332 ; gain = 68.426 ; free physical = 196 ; free virtual = 18382

Phase 6.2 Clock Skew Optimization
Phase 6.2 Clock Skew Optimization | Checksum: 342f33150

Time (s): cpu = 00:19:29 ; elapsed = 00:10:22 . Memory (MB): peak = 4081.332 ; gain = 68.426 ; free physical = 202 ; free virtual = 18390
Phase 6 Delay and Skew Optimization | Checksum: 342f33150

Time (s): cpu = 00:19:29 ; elapsed = 00:10:22 . Memory (MB): peak = 4081.332 ; gain = 68.426 ; free physical = 197 ; free virtual = 18387

Phase 7 Post Hold Fix

Phase 7.1 Hold Fix Iter
INFO: [Route 35-416] Intermediate Timing Summary | WNS=0.292  | TNS=0.000  | WHS=0.102  | THS=0.000  |

Phase 7.1 Hold Fix Iter | Checksum: 321157dfc

Time (s): cpu = 00:19:45 ; elapsed = 00:10:24 . Memory (MB): peak = 4081.332 ; gain = 68.426 ; free physical = 203 ; free virtual = 18386
Phase 7 Post Hold Fix | Checksum: 321157dfc

Time (s): cpu = 00:19:45 ; elapsed = 00:10:24 . Memory (MB): peak = 4081.332 ; gain = 68.426 ; free physical = 199 ; free virtual = 18384

Phase 8 Route finalize

Router Utilization Summary
  Global Vertical Routing Utilization    = 30.0807 %
  Global Horizontal Routing Utilization  = 35.1191 %
  Routable Net Status*
  *Does not include unroutable nets such as driverless and loadless.
  Run report_route_status for detailed report.
  Number of Failed Nets               = 0
    (Failed Nets is the sum of unrouted and partially routed nets)
  Number of Unrouted Nets             = 0
  Number of Partially Routed Nets     = 0
  Number of Node Overlaps             = 0

Phase 8 Route finalize | Checksum: 321157dfc

Time (s): cpu = 00:19:47 ; elapsed = 00:10:25 . Memory (MB): peak = 4081.332 ; gain = 68.426 ; free physical = 207 ; free virtual = 18394

Phase 9 Verifying routed nets

 Verification completed successfully
Phase 9 Verifying routed nets | Checksum: 321157dfc

Time (s): cpu = 00:19:48 ; elapsed = 00:10:25 . Memory (MB): peak = 4081.332 ; gain = 68.426 ; free physical = 204 ; free virtual = 18395

Phase 10 Depositing Routes
Phase 10 Depositing Routes | Checksum: 28ea234be

Time (s): cpu = 00:20:04 ; elapsed = 00:10:32 . Memory (MB): peak = 4081.332 ; gain = 68.426 ; free physical = 226 ; free virtual = 18406

Phase 11 Post Process Routing
Phase 11 Post Process Routing | Checksum: 28ea234be

Time (s): cpu = 00:20:06 ; elapsed = 00:10:33 . Memory (MB): peak = 4081.332 ; gain = 68.426 ; free physical = 224 ; free virtual = 18406

Phase 12 Post Router Timing
INFO: [Route 35-57] Estimated Timing Summary | WNS=0.292  | TNS=0.000  | WHS=0.102  | THS=0.000  |

INFO: [Route 35-327] The final timing numbers are based on the router estimated timing analysis. For a complete and accurate timing signoff, please run report_timing_summary.
Phase 12 Post Router Timing | Checksum: 28ea234be

Time (s): cpu = 00:20:06 ; elapsed = 00:10:33 . Memory (MB): peak = 4081.332 ; gain = 68.426 ; free physical = 219 ; free virtual = 18404
Total Elapsed time in route_design: 633.12 secs

Phase 13 Post-Route Event Processing
Phase 13 Post-Route Event Processing | Checksum: ffcd207f

Time (s): cpu = 00:20:08 ; elapsed = 00:10:34 . Memory (MB): peak = 4081.332 ; gain = 68.426 ; free physical = 218 ; free virtual = 18407
INFO: [Route 35-16] Router Completed Successfully
Ending Routing Task | Checksum: ffcd207f

Time (s): cpu = 00:20:12 ; elapsed = 00:10:35 . Memory (MB): peak = 4081.332 ; gain = 68.426 ; free physical = 214 ; free virtual = 18405

Routing Is Done.
INFO: [Common 17-83] Releasing license: Implementation
9 Infos, 0 Warnings, 0 Critical Warnings and 0 Errors encountered.
route_design completed successfully
route_design: Time (s): cpu = 00:20:14 ; elapsed = 00:10:36 . Memory (MB): peak = 4081.332 ; gain = 68.426 ; free physical = 238 ; free virtual = 18423
# write_checkpoint -force $dir_out/post_route.dcp
INFO: [Timing 38-480] Writing timing data to binary archive.
Write ShapeDB Complete: Time (s): cpu = 00:00:01 ; elapsed = 00:00:00.2 . Memory (MB): peak = 4081.332 ; gain = 0.000 ; free physical = 224 ; free virtual = 18420
Wrote PlaceDB: Time (s): cpu = 00:00:15 ; elapsed = 00:00:07 . Memory (MB): peak = 4081.332 ; gain = 0.000 ; free physical = 133 ; free virtual = 18389
Wrote PulsedLatchDB: Time (s): cpu = 00:00:00 ; elapsed = 00:00:00 . Memory (MB): peak = 4081.332 ; gain = 0.000 ; free physical = 133 ; free virtual = 18389
Writing XDEF routing.
Writing XDEF routing logical nets.
Writing XDEF routing special nets.
Wrote RouteStorage: Time (s): cpu = 00:00:03 ; elapsed = 00:00:01 . Memory (MB): peak = 4081.332 ; gain = 0.000 ; free physical = 247 ; free virtual = 18430
Wrote Netlist Cache: Time (s): cpu = 00:00:00.17 ; elapsed = 00:00:00.19 . Memory (MB): peak = 4081.332 ; gain = 0.000 ; free physical = 233 ; free virtual = 18428
Wrote Device Cache: Time (s): cpu = 00:00:00.01 ; elapsed = 00:00:00.01 . Memory (MB): peak = 4081.332 ; gain = 0.000 ; free physical = 233 ; free virtual = 18428
Write Physdb Complete: Time (s): cpu = 00:00:18 ; elapsed = 00:00:08 . Memory (MB): peak = 4081.332 ; gain = 0.000 ; free physical = 232 ; free virtual = 18431
INFO: [Common 17-1381] The checkpoint '/home/abid/Github/picorv32_learn/viv/out/post_route.dcp' has been generated.
write_checkpoint: Time (s): cpu = 00:00:30 ; elapsed = 00:00:21 . Memory (MB): peak = 4081.332 ; gain = 0.000 ; free physical = 283 ; free virtual = 18458
# report_timing_summary -file $path_report/timing_summary
INFO: [Timing 38-91] UpdateTimingParams: Speed grade: -3, Delay Type: min_max.
INFO: [Timing 38-191] Multithreading enabled for timing update using a maximum of 8 CPUs
report_timing_summary: Time (s): cpu = 00:01:05 ; elapsed = 00:00:13 . Memory (MB): peak = 4081.332 ; gain = 0.000 ; free physical = 281 ; free virtual = 18448
# write_bitstream -force $path_bitstream/$filename_bitstream
Command: write_bitstream -force /home/abid/Github/picorv32_learn/viv/res/nexys7_picorv32.bit
Attempting to get a license for feature 'Implementation' and/or device 'xc7a100t'
INFO: [Common 17-349] Got license for feature 'Implementation' and/or device 'xc7a100t'
Running DRC as a precondition to command write_bitstream
INFO: [IP_Flow 19-234] Refreshing IP repositories
INFO: [IP_Flow 19-1704] No user IP repositories specified
INFO: [IP_Flow 19-2313] Loaded Vivado IP repository '/home/abid/Softwares/Xilinx/2025.1/Vivado/data/ip'.
INFO: [DRC 23-27] Running DRC with 8 threads
INFO: [Vivado 12-3199] DRC finished with 0 Errors
INFO: [Vivado 12-3200] Please refer to the DRC report (report_drc) for more information.
INFO: [Designutils 20-2272] Running write_bitstream with 8 threads.
Loading data files...
Loading site data...
Loading route data...
Processing options...
Creating bitmap...
Creating bitstream...
Writing bitstream /home/abid/Github/picorv32_learn/viv/res/nexys7_picorv32.bit...
INFO: [Vivado 12-1842] Bitgen Completed Successfully.
INFO: [Project 1-1876] WebTalk data collection is mandatory when using a ULT device. To see the specific WebTalk data collected for your design, open the usage_statistics_webtalk.html or usage_statistics_webtalk.xml file in the implementation directory.
INFO: [Common 17-83] Releasing license: Implementation
11 Infos, 0 Warnings, 0 Critical Warnings and 0 Errors encountered.
write_bitstream completed successfully
write_bitstream: Time (s): cpu = 00:03:13 ; elapsed = 00:01:00 . Memory (MB): peak = 4408.629 ; gain = 327.297 ; free physical = 149 ; free virtual = 18198
INFO: [Common 17-206] Exiting Vivado at Thu Jun 18 18:04:05 2026...
